,placa,loc_latitude,loc_longitude,count
1,ODT2896,4316,3639,1
2,ICN7385,2403,9277,1
3,HQX7704,1000,833,1
4,BUI6155,2822,0,1
5,LNB4997,3553,9819,1
6,OTR0038,6775,7722,1
7,OCS4387,5303,7658,1
8,AII1353,2322,8902,1
9,HPV1135,3894,8600,1
10,OJZ8521,9422,5310,2
11,NBQ8913,53,5909,1
12,PRE3670,4316,3639,1
13,LEC0328,8800,6081,1
14,NOO2352,6072,9488,1
15,IOH8859,3976,6305,1
16,OZH4294,1000,833,1
17,AII1111,6050,6869,1
18,OIZ1125,3976,6305,1
19,PVM6736,9711,2269,1
20,OAJ3549,2403,9277,1
21,OZK2632,5303,7658,1
22,OII2238,2486,1840,1
23,NVX4166,8053,4258,1
24,OMS3145,1000,1194,2
25,ABB0407,2486,1840,2
26,NFY4330,7134,4709,1
27,NDQ3564,802,2054,1
28,ORR4636,6775,7722,1
29,HHI8088,5466,1020,1
30,BGN6594,9694,2880,1
31,HDW5543,472,5552,1
32,NSB6955,4204,725,2
33,OMS3145,1024,3153,1
34,NTU8007,3861,7458,1
35,OAS4634,1638,6794,1
36,KDN3361,6775,7722,1
37,OJS6883,7723,5667,1
38,EHJ1115,5472,7792,1
39,OJZ5692,1382,4248,1
40,KDX1164,2434,2172,1
41,HPV1135,5256,7837,2
42,NOO7535,1804,8735,2
43,NED1104,8653,2233,1
44,OPC8678,8666,3860,1
45,ATO6544,2324,8727,1
46,MMM6991,8711,2753,1
47,IZQ4580,9994,982,1
48,HOU2084,3522,1867,1
49,AAB8325,2850,4686,1
50,IEM2897,2403,9277,1
51,OAG6713,3522,1867,1
52,OUM6024,4042,2203,1
53,PEA1885,9994,982,1
54,PSN6821,4162,7589,1
55,HGL5553,7134,4709,1
56,PIX6212,6050,6869,1
57,NUW5224,5328,2522,1
58,ORR2039,3444,967,1
59,APY3185,3416,1233,1
60,OOD4488,6364,7267,1
61,LHI9596,4082,6528,1
62,FFM1514,2557,2056,1
63,OAI4837,7210,1962,1
64,HDV9966,5472,7792,1
65,OII2238,3522,1867,2
66,OPR1796,2324,8727,1
67,HCX4767,8653,2233,1
68,ODR2343,2324,8727,1
69,OFL7137,1932,8329,1
70,OQF4653,2556,2528,1
71,OJS6883,6794,1377,1
72,HLY0077,1000,1194,1
73,HVU7057,4608,1990,1
74,ODC6789,2403,9277,1
75,OFH6464,388,3833,1
76,OLS2179,7432,5760,2
77,IYO9550,8711,2753,1
78,HVN1494,2967,3581,1
79,NTO9702,1932,8329,1
80,IKH6666,4738,6727,1
81,BGX5289,3964,8994,1
82,ISU9823,6782,800,1
83,JLO4720,472,5552,1
84,ORG3841,2422,8622,2
85,BIS9293,0,6194,1
86,BUD8010,4316,706,1
87,LFX8327,3976,6305,1
88,NID5468,4042,2203,1
89,OBI9038,7272,1070,1
90,NQD2505,5466,1020,1
91,OJI0776,3444,967,1
92,AHA9917,1382,4248,1
93,OPI0989,6967,855,1
94,OZH5283,5010,8083,1
95,PXM1009,2324,8727,1
96,PSW4113,5556,9333,1
97,NHD6532,2324,8727,1
98,JUJ6306,1708,1402,1
99,HZU1516,4880,550,1
100,OXT3045,2964,3758,1
101,HJX9706,7556,4971,1
102,ORG4674,9711,2269,1
103,NDU0818,5328,2522,2
104,PJM7246,2967,3581,1
105,HPI2854,3088,6052,1
106,OPC8863,6072,3056,1
107,OLS2179,8112,2056,2
108,OHT8325,2850,4686,1
109,NOQ5028,2556,2528,1
110,LJO8545,53,5909,1
111,IFS0533,2422,8622,1
112,ONQ8483,9654,4859,1
113,OMI3992,4400,5106,1
114,PDM4462,1382,4248,1
115,OTR3545,7272,1070,1
116,NDQ3475,2634,9246,1
117,AOO6950,1308,9661,2
118,HPX1013,1412,9134,1
119,HSV7524,7944,8369,1
120,HCA6240,3088,6052,1
121,BIS4273,1412,9134,1
122,OEC9029,5610,8083,1
123,OAZ3657,4361,2544,3
124,ODR5455,3964,8994,2
125,NXO9462,8444,528,1
126,BIR6188,2556,2528,1
127,OBT8420,1772,1190,1
128,OTY7130,5472,7792,1
129,PSN6821,7272,1070,1
130,OAT7973,2634,9246,1
131,OOR8769,9666,833,1
132,LAB4371,4608,1990,1
133,OZH9939,4400,5106,4
134,IZO0559,7272,1070,1
135,HIX4487,5500,4917,1
136,ONF4608,2833,1278,1
137,BCN8381,5303,7658,1
138,OUM0479,1000,833,1
139,OAG6713,4042,2203,1
140,ODM0614,132,5022,1
141,HKX7049,9422,5310,1
142,IYG7462,53,5909,1
143,NPN5820,7723,5667,1
144,MFZ8221,9222,5020,1
145,JWE8494,472,5552,1
146,POZ0646,6072,3056,1
147,ODC5614,6050,6869,1
148,BPI4552,8188,8761,1
149,ONY3671,1638,6794,1
150,OVQ0731,1772,1190,1
151,PGD8501,2434,2172,1
152,JLS8223,9666,833,1
153,NQO7323,6072,3056,2
154,JXI9598,3976,6305,2
155,OTR0495,3344,8755,1
156,PGQ0540,4075,3683,1
157,KZG3741,7723,5667,1
158,HIV1051,5256,7837,1
159,KIL9927,461,4253,1
160,HRX8745,3538,70,1
161,HOU1811,6364,7267,1
162,OIA7584,132,5022,1
163,PUM1659,7210,1962,1
164,HTV1769,1594,6300,1
165,HDY3592,8553,444,1
166,OGD2050,7088,5806,1
167,OQC0434,3500,6325,1
168,PXD4624,1010,9237,1
169,HVM7326,8412,89,1
170,HDU1747,5222,3444,1
171,ILV9049,4608,1990,1
172,BBI9484,1000,1194,1
173,BAN4860,4888,6233,2
174,PRE3670,2256,9146,1
175,HDX4810,4944,9278,1
176,ODI2493,2967,3581,2
177,OEF7690,7723,5667,1
178,HKY3622,6166,4305,1
179,HTY5025,6775,7722,1
180,AOO6950,1688,7419,1
181,OHM9673,1010,9237,1
182,NXX6523,764,6804,1
183,JIP8332,764,6804,1
184,EMZ3263,2434,2172,1
185,OWG9292,5303,7658,1
186,OOF5303,4501,5528,1
187,ODS3728,132,5022,1
188,KAH7196,1000,1194,1
189,BIS0113,7723,5667,1
190,FTF8690,3538,70,1
191,OOR6172,1708,1402,1
192,NZN1144,9654,4859,1
193,NTU4828,3861,7458,1
194,PJM5681,9422,5310,1
195,OBC9755,6364,7267,2
196,OAL6515,9388,472,1
197,HCM2182,3596,4244,1
198,OTM9064,1024,3153,1
199,BBN9601,8666,3860,1
200,IKV3413,1308,9661,1
201,NHU0970,3861,7458,1
202,OUM6024,3522,1867,1
203,OXI2667,9654,4859,2
204,ODC2404,1444,4721,1
205,BGG9918,5610,8083,2
206,NRQ4528,9612,8692,1
207,PNM7243,1638,6794,1
208,OSF4262,9654,4859,1
209,OAT9851,6842,4782,2
210,PJM6821,3894,8600,1
211,AII1111,224,9684,2
212,NDR1026,2374,6763,1
213,PDQ6200,5825,9794,1
214,BDN5788,1308,9661,1
215,HDR5608,2322,8902,1
216,HUY1412,2256,9146,2
217,NBD8981,6794,1377,2
218,MEC2895,5303,7658,1
219,OEC9029,5303,7658,1
220,OTF9140,461,4253,1
221,OTR3515,8444,528,1
222,HLY0077,1772,1190,1
223,HPM9566,2967,3581,1
224,IDD0626,224,9684,1
225,HDU1269,8310,2494,1
226,NDU0246,5000,4778,1
227,PPN9937,1000,833,1
228,MEY7085,2967,3581,1
229,OKG8301,9711,2269,1
230,OAZ3657,7361,6353,1
231,BIS1233,53,5909,1
232,OFC1497,9222,5020,1
233,OFS1169,2556,2528,1
234,NTM5207,53,5909,1
235,OFS5831,8188,8761,1
236,PSN6821,802,2054,1
237,BVX3163,4117,2929,1
238,PTN1651,9666,833,1
239,JWU4858,2256,9146,1
240,PNM7243,6364,7267,1
241,AEN9533,7262,8878,1
242,BIS5263,461,4253,1
243,INV2413,3522,1867,1
244,OMD4107,4400,5106,1
245,ASC6151,9422,5310,2
246,OHM9673,1000,1194,1
247,OGI3281,9430,4736,1
248,OWR8268,3596,4244,1
249,OMS3145,7833,7444,1
250,PEM2083,2324,8727,1
251,AAA1111,8800,6081,1
252,AYC7693,764,6804,1
253,NQO7323,1708,1402,1
254,NEV4495,224,9684,1
255,HDX7409,4162,7589,1
256,HNY9104,4111,0,1
257,HOW1193,7833,7444,1
258,IGC8846,3894,8600,1
259,ICS3707,1638,6794,1
260,PJI1719,5328,2522,1
261,OIC0253,4738,6727,1
262,HWV1639,2088,6750,1
263,OYH9401,6775,7722,2
264,MVD8293,7210,1962,1
265,OPC6879,2850,4686,1
266,OWR8268,7556,4971,3
267,OAL6515,1289,9660,2
268,OIF0917,2833,1278,1
269,PDQ6200,5466,1020,1
270,PDU0862,6288,81,1
271,NYU5593,7134,4709,1
272,LFC3383,5222,3444,1
273,OXM2188,2434,2172,1
274,HRM3354,5472,7792,1
275,NNU1918,2322,8902,1
276,OYR1018,1708,1402,1
277,HKK6892,2964,3758,1
278,PHM6869,8112,2056,1
279,LII0531,3444,967,1
280,OUB9574,5222,3444,2
281,ONR8269,224,9684,1
282,LXO6310,5472,7792,1
283,HMY0112,6775,7722,1
284,OAZ2611,53,5909,1
285,JYI8108,4400,5106,1
286,OTR4621,7088,5806,1
287,HOU1917,5000,4778,1
288,OVS5852,7723,5667,1
289,PUM1659,3522,1867,2
290,IDB0005,1010,9237,1
291,NDY1637,7428,4378,1
292,ODC1315,1638,6794,1
293,OIC9864,2612,6611,1
294,OLS2179,4316,706,4
295,OLS2179,9266,2925,5
296,EMZ3263,2422,8622,1
297,JES8533,9994,982,1
298,NLO4335,3538,70,1
299,POW0402,9222,5020,1
300,PRE3670,8053,4258,1
301,ETN7411,7723,5667,1
302,NKQ6580,2324,8727,1
303,OZH9939,8412,89,1
304,OAZ2230,461,4253,1
305,OVS5852,6794,1377,1
306,HYV0011,7428,4378,1
307,NDU9528,1772,1190,1
308,HFY0330,2967,3581,1
309,NYN1311,9994,982,1
310,HJV2751,2850,4686,1
311,HIW3950,5556,9333,1
312,OQC4053,7134,4709,1
313,HLV2856,5000,4778,1
314,BIS5493,4608,1990,1
315,ODC9620,7723,5667,1
316,HDU8824,7260,9133,2
317,HDW4067,9422,5310,1
318,HEU3324,2322,8902,1
319,AAA1111,1000,833,1
320,HUY1576,2838,5619,1
321,HOI3290,7428,4378,1
322,OQC1841,2556,2528,1
323,HIV6085,2256,9146,1
324,OPL4715,224,9684,1
325,AKQ3863,9711,2269,1
326,BAM2188,2833,1278,1
327,NVD8311,7134,4709,1
328,ICO3397,7723,5667,1
329,PAR1581,9222,5020,1
330,MVD8293,802,2054,3
331,ANL4115,9430,4736,1
332,EED9410,7833,7444,1
333,HDY8225,7556,4971,1
334,HNY5767,4880,550,1
335,OHI7665,388,3833,1
336,ORR2039,3344,8755,1
337,OVQ0731,5010,8083,1
338,ODC6817,7361,6353,1
339,NCR5834,4738,6727,1
340,OBI9038,1308,9661,1
341,HTI7565,5825,9794,1
342,HCW0178,9422,5310,1
343,NNQ0782,6972,6478,1
344,HKY3622,7428,4378,1
345,MMQ4154,3894,8600,1
346,OII9011,5556,9333,1
347,ITD1111,6364,7267,1
348,OVS5852,1289,9660,1
349,OCS4809,3444,967,1
350,OAI8449,2322,8902,1
351,PPN1169,9666,833,1
352,PJS0919,6050,6869,1
353,OMP5129,2434,2172,3
354,OQI9151,6775,7722,1
355,BIS2343,2556,2528,1
356,MDY8551,8310,2494,3
357,NTU0004,9711,2269,1
358,ODC7246,8310,2494,1
359,BRN0756,2556,2528,1
360,JOU3537,4082,6528,1
361,NFY5263,4944,9278,1
362,OQD6691,3500,6325,3
363,HDU2775,7938,8810,1
364,POZ6441,8310,2494,1
365,OGI3501,1412,9134,1
366,HKY3622,8053,4258,1
367,OJZ5692,6775,7722,1
368,ODI7329,8310,2494,1
369,HDR6849,6050,6869,1
370,PRN0070,3522,1867,1
371,OCT0164,7361,6353,1
372,HTV5449,2322,8902,1
373,OWR8268,8653,2233,1
374,OFH6464,6794,1377,1
375,FMO8228,3720,2859,1
376,FOE4080,0,0,1
377,OCI8619,9388,472,1
378,LQR2885,6775,7722,1
379,NNQ7383,8112,2056,1
380,OEB8525,9422,5310,1
381,OGS7926,1010,9237,1
382,BRO4061,4111,0,1
383,NMO8360,1010,9237,1
384,OEC9029,6775,7722,1
385,BSN9298,2324,8727,1
386,PRM0541,1708,1402,1
387,BZM3427,2324,8727,1
388,NJN4139,5825,9794,1
389,LEI2100,5328,2522,1
390,HWU2606,3976,6305,2
391,PGM0117,5472,7792,1
392,OOD5001,9422,5310,1
393,ENQ1010,7944,8369,1
394,IYV2228,7210,1962,1
395,OEG3493,0,6194,1
396,OFH6464,1289,9660,1
397,ODM0614,3944,7554,1
398,HOY6982,7944,9952,1
399,OLS2179,6782,800,2
400,ELR5106,2434,2172,1
401,BOO4240,6794,1377,1
402,HKY3622,1708,1402,1
403,LPS0296,3538,70,1
404,HIW8855,764,6804,1
405,LGS8000,1000,1194,1
406,ICO6303,3476,8839,1
407,BIG1493,9994,982,1
408,ODC5333,2833,1278,1
409,NVU1753,2403,9277,1
410,OHC4584,53,5909,1
411,OVS3680,7944,9952,1
412,HDR2398,6967,855,1
413,PFD8570,3638,8261,1
414,BOK0701,0,6194,1
415,OCS2358,2322,8902,2
416,POZ6441,1000,833,2
417,HYV0011,8053,4258,1
418,HRP2869,8412,89,1
419,NGD9824,6364,7267,1
420,OAZ2611,5556,9333,1
421,ODC4713,4042,2203,1
422,PDM4462,7210,1962,1
423,IXH5272,8188,8761,1
424,OIK7337,7812,6182,1
425,PDQ6062,8444,528,1
426,KDY1152,6364,7267,1
427,NMU9248,3344,8755,1
428,PAM0187,6794,1377,1
429,HZY5632,6775,7722,1
430,ORR2039,8444,528,1
431,NUB0145,8666,3860,1
432,LCL3816,2403,9277,2
433,HDY7484,6072,9488,1
434,OOI6394,3596,4244,1
435,NCV9177,8053,4258,1
436,PHM0685,4082,6528,1
437,OZW3176,5303,7658,1
438,OXR2674,3553,9819,1
439,MSY8569,3553,9819,1
440,PMM9432,5500,4917,1
441,IFN4411,0,6194,1
442,HBM6464,4738,6727,1
443,ORR2164,7260,9133,1
444,NJQ5231,5466,1020,1
445,OJS3648,7944,8369,1
446,OGC5831,1638,6794,1
447,OEI5891,9711,2269,1
448,BLL5141,2322,8902,1
449,HBY1105,2850,4686,1
450,OWR8268,9711,2269,1
451,ORG3841,5494,8746,1
452,ABS0707,5010,8083,1
453,HOU5322,5010,8083,1
454,OSS4843,4608,1990,1
455,NOO7535,7861,283,1
456,OMS3145,4316,706,1
457,BIO4968,7260,9133,1
458,PSM0626,9222,1778,1
459,AOO6950,312,1961,1
460,IVJ7031,944,1277,1
461,NVU1753,8653,2233,2
462,PJM5681,4400,5106,1
463,KVX1211,7833,7444,1
464,NDM8711,9612,8692,1
465,OSR6440,7361,6353,1
466,NDU5748,3596,4244,1
467,BIS5263,1000,833,1
468,IGM4092,3772,6303,1
469,PAM0187,1289,9660,1
470,PIW2311,6072,9488,1
471,EIM3916,5556,9333,1
472,PHM7967,1412,9134,1
473,AYC8432,3344,8755,1
474,KQJ5683,9612,8692,1
475,BSO6388,7556,4971,1
476,HHW5394,472,5552,1
477,OYR5750,4117,2929,1
478,OAZ3657,7134,4709,1
479,ONR0131,3500,6325,1
480,NTU0004,5222,3444,1
481,NID5468,5472,7792,1
482,GVR5956,2434,2172,1
483,OUB9574,2322,8902,1
484,NOO3164,8666,3860,1
485,ORF0008,8112,2056,1
486,POV7976,2557,2056,1
487,IFM6731,2964,3758,1
488,NFY4587,2556,2528,1
489,IZQ6254,2672,342,1
490,OII1346,6072,9488,1
491,NKS5786,2486,1840,1
492,OII2238,1289,9660,1
493,AAA1111,8112,2056,1
494,HKY3622,6364,7267,1
495,PUM1659,2556,2528,1
496,OOD4488,7723,5667,2
497,IMQ1123,5222,3444,1
498,ODT2896,4400,5106,1
499,OIR9309,8310,2494,1
500,PGM6079,9222,1778,1
501,OPI0989,1010,9237,1
502,OII2238,6794,1377,1
503,IDI7360,2403,9277,2
504,OMT2073,2422,8622,1
505,ICM2716,2403,9277,1
506,OYH5787,9422,5310,1
507,OCC8648,5010,8083,1
508,HUY1412,4400,5106,2
509,JIP0331,2964,3758,1
510,HCY0608,3444,967,1
511,PVM2099,7723,5667,1
512,BPI4283,6775,7722,1
513,BRR0585,2403,9277,1
514,NSO5422,6072,9488,1
515,OGL0006,2256,9146,1
516,LBC0437,2556,2528,1
517,ACC1148,5613,8278,1
518,HZT9310,4944,9278,1
519,OCI8619,3522,1867,1
520,BFO6322,7260,9133,1
521,ODI8137,9422,5310,1
522,LDN4712,5500,4917,1
523,OAG6713,1308,9661,1
524,GIT5325,6842,4782,1
525,HWW1754,5825,9794,1
526,HWU3469,7428,4378,1
527,JQF4141,7260,9133,1
528,OBL7149,1000,8542,1
529,HVV5625,6050,6869,1
530,MSY7864,1708,1402,1
531,NIQ0175,4361,2544,1
532,PTM8055,2324,8727,1
533,KND5773,2557,2056,1
534,PSY5723,8711,2753,1
535,OCI8215,224,9684,1
536,OTR6379,3944,7554,1
537,NQD7943,7134,4709,1
538,AEK9198,4332,2860,1
539,OPI0989,3964,8994,1
540,HKX3062,1289,9660,1
541,OGD2050,4042,2203,4
542,BSM5908,9612,8692,1
543,HPV4596,7812,6182,1
544,OPG8491,6050,6869,1
545,OGM0718,5613,8278,1
546,OEC2253,5472,7792,1
547,NBC1175,9222,5020,1
548,OZH9939,7210,1962,1
549,OAI5276,6842,4782,1
550,HIY0107,3538,70,1
551,EII1747,9711,2269,1
552,NPU1191,6967,855,1
553,OOR9181,1024,3153,1
554,OMP5129,9222,1778,2
555,HCM3527,2634,9246,1
556,OIF0917,8653,2233,1
557,IKX2942,4332,2860,1
558,NNQ3364,461,4253,1
559,HDY9108,9422,5310,1
560,IYT4777,8444,528,1
561,PRE3670,2964,3758,1
562,OTF9140,7260,9133,2
563,ORR2039,2422,8622,1
564,NIY8401,4944,9278,1
565,NDQ2200,3720,2859,1
566,ITM8519,53,5909,1
567,PMH0613,5500,4917,1
568,IYM2091,2964,3758,1
569,ADP4038,1412,9134,1
570,PEO6882,8444,528,1
571,OFT3055,3344,8755,1
572,NVU1207,5610,8083,2
573,OLS2179,3444,967,1
574,OME2316,6842,4782,1
575,BBO6662,6782,800,1
576,OKI1873,5666,5667,1
577,NCY8839,1382,4248,1
578,OLS2179,8666,3860,3
579,ODC5178,8412,89,1
580,NNQ3364,472,5552,1
581,ONT7858,132,5022,1
582,IDN5824,3944,7554,1
583,JOS3839,8310,2494,1
584,PDM5549,5222,3444,3
585,OKG8301,5222,3444,1
586,PDC0962,4944,9278,1
587,OSS4843,8653,2233,1
588,HKX3062,8412,89,1
589,HFY7671,5466,1020,1
590,HUI3377,4944,9278,1
591,JYI8108,7428,4378,1
592,BOO8822,5303,7658,1
593,AFI5636,5825,9794,1
594,OKW1259,472,5552,1
595,PFH7747,9711,2269,1
596,OYR0540,3861,7458,1
597,OII2238,4880,550,1
598,PFM7678,3976,6305,1
599,AOO6950,3522,1867,2
600,HYW2641,4316,3639,1
601,AIM9860,2322,8902,1
602,OIR2387,3861,7458,1
603,ODI0879,6842,4782,1
604,MXU5333,1444,4721,1
605,ODR0164,1010,9237,1
606,NCR5834,2850,4686,1
607,NNU9298,7556,4971,1
608,IXU7821,1000,833,1
609,PZW9507,2422,8622,1
610,JQP8057,5303,7658,1
611,MER9764,9422,5310,1
612,NAN2190,2556,2528,1
613,AQI0011,4361,2544,1
614,PHI1857,388,3833,1
615,PTM8055,8310,2494,1
616,AOO6950,764,6804,1
617,HIU1127,3964,8994,1
618,PEN5180,2556,2528,1
619,ORG3841,9711,2269,1
620,PID8364,4361,2544,1
621,MGU8686,7260,9133,1
622,OLI4102,5666,5667,1
623,OIS6358,4082,6528,1
624,IVL9694,8112,2056,1
625,PCW9154,1708,1402,1
626,APQ1972,2403,9277,1
627,NDQ1486,5472,7792,1
628,OSR1909,4042,2203,1
629,OZH9939,6775,7722,1
630,OAD9499,9422,5310,1
631,HMX6866,3500,6325,1
632,ODC7498,5472,7792,1
633,NVU1753,7260,9133,1
634,PEM7943,4738,6727,1
635,MVD8293,7723,5667,1
636,HHW1423,6364,7267,1
637,HZY2007,4400,5106,1
638,HDQ7936,3861,7458,1
639,OMC1769,4738,6727,1
640,OCL7995,1708,1402,1
641,BIS4273,53,5909,1
642,OBA6088,6967,855,1
643,OXG1071,6072,9488,1
644,BGG9918,1308,9661,1
645,OQC1819,5466,1020,1
646,ODR4342,4608,1990,1
647,OJC1038,7944,8369,1
648,OEE8010,6775,7722,1
649,FCL8000,2434,2172,1
650,OXS2240,2672,342,1
651,HKY3622,4400,5106,1
652,ILO0564,6333,6028,1
653,HDX3872,5500,4917,1
654,PHN1903,6050,6869,1
655,OAT5979,7260,9133,1
656,PXM9609,2850,4686,1
657,OAJ6910,7272,1070,1
658,OJD9136,2422,8622,1
659,KCP1009,2633,875,1
660,ONR9050,5303,7658,1
661,NOJ2930,5610,8083,1
662,HDQ6095,2422,8622,1
663,PHM7298,9222,1778,1
664,NFW0873,8653,2233,1
665,OFL5466,1000,833,1
666,ODJ4465,1708,1402,1
667,HWV1639,3538,70,1
668,OMS3145,6782,800,1
669,NXT7184,4117,2929,1
670,HGW4641,1412,9134,1
671,OUM6024,1308,9661,1
672,NSQ1306,7134,4709,1
673,PIW9465,2256,9146,1
674,OTP7654,2403,9277,1
675,IKM7590,2403,9277,1
676,LYL2761,2486,1840,1
677,MDY3394,1024,3153,1
678,GQU4742,472,5552,1
679,ODR2724,7944,8369,1
680,IZG0382,2850,4686,1
681,MZY3848,7428,4378,1
682,NNQ0782,1688,7419,1
683,NQO7323,312,1961,3
684,OCL7995,3088,6052,1
685,BGG9896,9994,982,1
686,JOU3537,1638,6794,1
687,EMZ3263,8444,528,1
688,HAV4473,6794,1377,1
689,OMI2441,9222,1778,1
690,OQC7001,4361,2544,1
691,LHM8846,1382,4248,1
692,HCW2650,764,6804,1
693,PDN8412,2634,9246,1
694,OQC1389,1772,1190,1
695,OKI0959,9222,5020,1
696,OSQ4265,9422,5310,1
697,HCY0608,1010,9237,1
698,OMS3145,9222,1778,2
699,ODM6050,2556,2528,1
700,PHN1903,7260,9133,1
701,JII3245,6072,9488,1
702,JUR1463,7260,9133,1
703,OIF7496,1000,833,1
704,NQQ1121,9994,982,1
705,PDM2245,1184,2142,1
706,JHQ1247,3596,4244,1
707,OQR9123,388,3833,1
708,ONQ4333,5303,7658,1
709,HJV5548,5825,9794,1
710,OHM9673,8112,2056,2
711,PVM2099,1113,8750,1
712,HDY1104,6782,800,1
713,OHT3250,4944,9278,1
714,HRE1418,5466,1020,1
715,ONF4608,5556,9333,1
716,HKV4840,5328,2522,1
717,GGY0018,9222,5020,1
718,HSY9932,7210,1962,1
719,OQC9918,5332,4583,1
720,ONF4608,1000,833,1
721,HNY9829,1708,1402,2
722,PAM7319,5328,2522,1
723,HUY1412,2634,9246,1
724,NLQ1105,1772,1190,1
725,MIV4656,1278,569,1
726,HPV1118,9666,833,1
727,MVD8293,388,3833,1
728,OTS1324,4608,1990,1
729,KIK1248,9266,2925,1
730,NMU8834,6364,7267,1
731,BGL1688,8053,4258,1
732,PSN6821,4042,2203,1
733,OPC4163,4042,2203,1
734,IYM8309,2422,8622,1
735,NQO7323,1528,50,2
736,NYA3268,6050,6869,1
737,NDM8711,2967,3581,1
738,JDT6620,4853,8470,1
739,OXC5516,2850,4686,1
740,PID8364,5825,9794,1
741,OEC8604,4853,8470,1
742,BMI1300,7428,4378,1
743,OHM9673,224,9684,2
744,GAL0516,4042,2203,1
745,HDU2621,7723,5667,1
746,OFL7137,4853,5475,1
747,LEC6579,2557,2056,1
748,KKY4615,1382,4248,1
749,HOU2084,2556,2528,2
750,KBM9680,7723,5667,1
751,BOX8304,5500,4917,1
752,PMS6620,0,0,1
753,HER3764,4316,3639,1
754,OFI7146,1289,9660,1
755,NNQ1754,5466,1020,1
756,NBV6344,6967,855,1
757,NQO7323,6972,6478,2
758,IZG0382,9422,5310,1
759,IXN3406,2850,4686,1
760,POZ0646,6972,6478,1
761,OUW4021,9666,833,1
762,LZB7037,2634,9246,1
763,HHW4928,9654,4859,1
764,PYW5884,9222,5020,1
765,NSQ1797,9612,8692,1
766,PON7460,3596,4244,1
767,ISM1844,5472,7792,1
768,PAD7293,2967,3581,1
769,ODC2899,7723,5667,2
770,LNA0631,764,6804,1
771,OUU0715,7262,8878,1
772,HOO1857,4316,3639,1
773,LBC1215,5303,7658,1
774,IWJ7411,944,1277,1
775,JPR7134,9222,1778,1
776,OAE5092,7944,8369,1
777,NXO5926,9994,982,1
778,HKX3062,7428,4378,2
779,PEM2083,7556,4971,1
780,OVS5852,5303,7658,1
781,HEM1688,4738,6727,1
782,OIC5206,2434,2172,1
783,JYI8108,6166,4305,1
784,OAG6713,7272,1070,1
785,OLS2179,9988,1800,4
786,HQX1566,3944,7554,1
787,AOO6950,2634,9246,1
788,AOO6950,1638,6794,2
789,HDU1747,9711,2269,1
790,OIF0917,5556,9333,1
791,AZB9541,1000,833,1
792,NNQ1754,224,9684,1
793,NOF8572,6967,855,1
794,NZQ9518,7833,7444,1
795,NQO7323,1688,7419,4
796,OXR2674,3538,70,1
797,NAW9779,4111,0,1
798,JXI9598,5500,4917,1
799,OBI9038,9222,5020,1
800,GNS4973,4400,5106,1
801,HQW8681,1638,6794,1
802,JDT4088,8053,4258,2
803,IOU7721,2833,1278,1
804,PVM2099,2557,2056,1
805,NGG2179,9654,4859,1
806,OJC1038,9994,982,1
807,NQH6536,5256,7837,1
808,HJW2021,94,6,1
809,NQQ1471,7272,1070,1
810,OZH2189,8553,444,1
811,BIS3483,388,3833,1
812,BPS0083,2324,8727,1
813,LTL0515,6842,4782,1
814,ODR2724,9612,8692,1
815,IID1111,5256,7837,1
816,NPD3323,2633,875,1
817,OIS3752,2964,3758,1
818,NSQ1755,8310,2494,1
819,NYU4241,764,6804,1
820,HDX1655,6072,9488,1
821,OLS2179,1000,1194,1
822,OAZ2611,4944,9278,1
823,EMZ3263,3444,967,1
824,HNY7649,9422,5310,1
825,IMI5121,4117,2929,1
826,NTO3666,7428,4378,1
827,NWQ3672,7210,1962,1
828,OUR5595,2634,9246,1
829,PAK8988,9222,5020,1
830,MRN0250,3344,8755,1
831,LUI2451,1638,6794,1
832,KQI7493,6794,1377,1
833,OIH2692,7272,1070,1
834,OVR6178,7944,8369,1
835,NXD9221,8711,2753,1
836,OBL4965,9666,833,1
837,OUM6024,9388,472,1
838,HYC5083,1412,9134,1
839,NDQ9727,944,1277,1
840,OIC3738,4750,5075,1
841,OEZ7199,2434,2172,1
842,OBM3377,2434,2172,1
843,PRN0070,5472,7792,1
844,OOB9590,7134,4709,1
845,OTR3545,3522,1867,1
846,OBB5625,5472,7792,2
847,IJV7617,5010,8083,1
848,HKX3062,5332,4583,1
849,OEB8525,3088,6052,1
850,PEW5412,5825,9794,1
851,MYY4282,8053,4258,1
852,PSN6821,9911,4191,1
853,NBI7498,7088,5806,1
854,ORF0008,5466,1020,1
855,AII1111,5010,8083,1
856,HBH8607,1289,9660,1
857,BOO6188,5825,9794,1
858,HCM2677,6072,9488,1
859,HAY6702,4853,8470,1
860,OZH2189,1772,1190,1
861,IOU7721,224,9684,1
862,LON6263,6364,7267,1
863,KDX1164,3444,967,1
864,OAG6713,9388,472,1
865,ORS1609,1000,833,1
866,OGS0383,2556,2528,1
867,HNY5767,3861,7458,1
868,OGS4621,1444,4721,1
869,BOI4512,0,6194,1
870,ONF4608,4316,706,1
871,MSD2730,944,1277,1
872,MVD8293,7272,1070,2
873,OHM9673,2434,2172,1
874,HDH6384,7361,6353,1
875,OYR1770,6072,9488,1
876,OGC7705,5500,4917,1
877,MCU0465,5000,4778,1
878,NQH6401,4608,1990,1
879,OLS2179,9222,1778,5
880,OFL7137,7723,5667,2
881,PYW4088,1638,6794,1
882,ORS0475,2324,8727,1
883,OGI2061,5256,7837,1
884,HCY0608,8444,528,1
885,IXC6623,7272,1070,1
886,HQY5260,2634,9246,1
887,OMG0026,802,2054,1
888,OPR1796,6967,855,1
889,NMQ7254,8653,2233,1
890,OZH3507,3596,4244,1
891,MMY3641,2633,875,1
892,JWU4858,2964,3758,1
893,MIX7228,1772,1190,1
894,OGU7088,3088,6052,1
895,OAZ2230,3976,6305,1
896,JUS8122,2254,1257,1
897,HIU4184,5825,9794,1
898,HBY1027,7556,4971,1
899,OWS5054,4117,2929,1
900,HOY2804,3344,8755,1
901,HNY5767,2486,1840,1
902,PAN9801,2422,8622,1
903,HHV2969,3944,7554,1
904,OCL7995,4316,3639,1
905,OAE5092,5825,9794,1
906,ODI7329,7260,9133,1
907,OHC7261,3522,1867,1
908,OQR7837,4738,6727,1
909,NQO7323,5328,2522,2
910,ETE3566,3444,967,1
911,OFI7146,8412,89,1
912,NDH5798,8310,2494,1
913,PDM4462,3500,6325,1
914,OPC1320,0,6194,1
915,NYD4734,5556,9333,1
916,KDJ0954,5500,4917,1
917,MLX5725,7556,4971,1
918,BEA1122,5000,4778,1
919,OUM6024,7272,1070,1
920,HVY1690,6794,1377,1
921,HDX5812,8412,89,1
922,KZJ0748,2850,4686,1
923,ASB1725,5610,8083,1
924,MAV5178,7861,283,2
925,PBQ6935,5222,3444,1
926,ABB0407,388,3833,2
927,PRE3670,6842,4782,1
928,OAZ6865,1000,833,1
929,ORC5921,6072,9488,1
930,OII2238,388,3833,1
931,ORF0008,224,9684,1
932,PSM8225,9654,4859,1
933,ODR8241,2633,875,1
934,NDJ8824,2850,4686,1
935,OTQ9378,4400,5106,1
936,OBI9038,4042,2203,1
937,AIF3410,5880,8554,1
938,JYI8108,2256,9146,1
939,PSM8225,4111,0,1
940,ORK5413,7833,7444,1
941,PWM8734,9666,833,1
942,JYI8108,9666,833,1
943,OMS3145,8112,2056,1
944,IIM1168,4117,2929,1
945,EYH1269,7938,8810,1
946,OLS2179,8444,528,1
947,IMV6090,9994,982,1
948,OPI0989,1000,1194,1
949,NNU2309,6072,9488,1
950,OBS0312,3538,70,1
951,MJY4493,2557,2056,1
952,HBO5836,3894,8600,1
953,BIZ3534,6050,6869,1
954,PLN9213,6050,6869,1
955,KFG2985,3344,8755,1
956,HYI2091,7210,1962,1
957,PDM5549,2822,8028,1
958,MSD2730,5010,8083,1
959,HLY0077,3522,1867,1
960,NOQ9222,8444,528,1
961,OXH7780,1000,833,1
962,PQN6164,6364,7267,2
963,OHC6820,3944,7554,1
964,III6214,7428,4378,1
965,NZO1004,6072,9488,4
966,FOR3522,7944,9952,1
967,AUE8390,5000,4778,1
968,PTD6811,2634,9246,1
969,AOO6950,7260,9133,2
970,NLO1556,1638,6794,1
971,KRY3403,9222,5020,1
972,PJX3188,8553,444,1
973,HNY5767,7944,9952,1
974,BSM5908,1382,4248,1
975,PAN6293,7361,6353,1
976,OJS6883,1412,9134,1
977,OPI0989,9388,472,1
978,OGX2059,3964,8994,1
979,NQO7323,5494,8746,2
980,NMQ7254,1289,9660,1
981,KEV5962,3861,7458,1
982,BJS0149,7944,8369,1
983,KUD3273,2556,2528,1
984,OKF7918,6782,800,2
985,PYW6154,4316,3639,1
986,ONI8551,9222,5020,1
987,HNY9829,5010,8083,2
988,OPI9107,9666,833,1
989,NJN2728,0,6194,1
990,HOU2084,53,5909,2
991,PFM7678,764,6804,1
992,OYH9401,3344,8755,1
993,LQL7560,7944,8369,1
994,OFL7137,2403,9277,1
995,PTM8055,2256,9146,1
996,OII2238,1024,3153,1
997,PAM9091,2964,3758,1
998,OOS5358,5222,3444,1
999,PZM9361,7938,8810,1
1000,OWR8268,5610,8083,1
1001,OIC2110,1594,6300,1
1002,NTU0004,4117,2929,1
1003,NNQ7540,7260,9133,2
1004,PDM4462,1024,3153,1
1005,OLA1149,8653,2233,1
1006,HDU8824,1708,1402,2
1007,HOY7400,7262,8878,1
1008,OFC6404,1000,1194,1
1009,OKM8231,7210,1962,3
1010,JAI7777,4738,6727,1
1011,INV2413,3444,967,1
1012,OYR5065,2434,2172,1
1013,OGC7056,3944,7554,1
1014,ONJ4248,7088,5806,1
1015,NIT8784,1638,6794,1
1016,OAG6713,3344,8755,1
1017,PDN0957,5328,2522,1
1018,PFM7195,5825,9794,1
1019,OKN1774,1382,4248,1
1020,PRM9736,9222,5020,1
1021,MVX7225,8653,2233,1
1022,BOR8753,2850,4686,1
1023,OTD0447,9222,1778,1
1024,OPR3064,5000,4778,1
1025,LOO8958,8653,2233,1
1026,OZH9939,7944,9952,1
1027,PDM4462,472,5552,1
1028,PEN5180,9222,1778,3
1029,BIS2343,9994,982,1
1030,LBI2921,1708,1402,1
1031,OOG1021,5613,8278,1
1032,OGS0383,5556,9333,1
1033,BON1222,2556,2528,1
1034,MRQ2448,5666,5667,1
1035,OPC5183,4944,9278,1
1036,OVS3192,4156,5989,1
1037,EII1111,7833,7444,1
1038,HLY0077,2850,4686,1
1039,PHN1121,1638,6794,1
1040,PHM7298,9222,5020,1
1041,OYX7978,4162,7589,1
1042,HPY5655,2967,3581,1
1043,PON7460,2088,6750,1
1044,MOY3856,5328,2522,1
1045,IOQ1976,4316,3639,1
1046,OHC9803,3476,8839,1
1047,PHM7298,3522,1867,1
1048,OOC1081,1866,1061,1
1049,IIS0118,3976,6305,1
1050,PJM5681,2322,8902,1
1051,HVU1192,4361,2544,1
1052,OSB7889,5256,7837,1
1053,HIY7826,9994,982,1
1054,BDT2255,2557,2056,1
1055,JUY4569,3522,1867,1
1056,NDI5350,944,1277,1
1057,HVU9777,7812,6182,1
1058,OCL7995,6072,9488,1
1059,NLQ8217,1000,1194,1
1060,MDY1785,1708,1402,1
1061,NMX2956,4853,8470,1
1062,HBL5315,8310,2494,1
1063,ETX6061,1382,4248,1
1064,OUR6123,8711,2753,1
1065,PDM4462,2324,8727,2
1066,KIG4425,5303,7658,1
1067,PRQ0022,388,3833,1
1068,HOY6982,1289,9660,1
1069,PEM7943,5500,4917,1
1070,OGX2059,1010,9237,1
1071,JPS4448,2967,3581,1
1072,PAU6093,1382,4248,1
1073,PUM1659,9654,4859,1
1074,OAG6713,1000,1194,1
1075,OWC7408,4944,9278,1
1076,FNK0481,6775,7722,1
1077,HKX3062,2967,3581,1
1078,OMG0026,3444,967,1
1079,OZH6651,4608,1990,1
1080,PQN6164,764,6804,1
1081,OCI8619,6050,6869,1
1082,PUM1659,4316,706,1
1083,JYI8108,6072,9488,1
1084,NQQ7717,5825,9794,1
1085,NQQ6151,9388,472,1
1086,OET0710,9422,5310,1
1087,HQJ7897,7944,9952,1
1088,HQK4242,4117,2929,1
1089,OES3612,3964,8994,1
1090,NPN5820,5466,1020,1
1091,OYH5787,8256,9058,1
1092,OQU0124,1024,3153,1
1093,HFY0330,2634,9246,1
1094,HYW7972,764,6804,1
1095,IZR5774,4117,2929,1
1096,LAA1025,1289,9660,1
1097,OTQ1851,6072,9488,1
1098,IDX4186,9994,982,1
1099,HNJ1531,1010,9237,1
1100,HQK7242,858,4232,1
1101,PPN9937,6842,4782,2
1102,OES4926,1638,6794,1
1103,PEM2083,1638,6794,1
1104,NRU9212,4316,3639,1
1105,OIG0767,9388,472,1
1106,PJM7341,2850,4686,1
1107,GKZ7316,1772,1190,1
1108,IIC0110,1444,4721,1
1109,NOQ1700,461,4253,1
1110,OFX5245,2434,2172,1
1111,IDP8341,1289,9660,1
1112,NYE1484,4853,8470,1
1113,BSR2819,2850,4686,1
1114,OII2238,5556,9333,1
1115,HHY4202,7272,1070,1
1116,NYO7177,5332,4583,1
1117,III1011,8412,89,1
1118,HIX4487,1000,8542,1
1119,AMI8264,1638,6794,1
1120,ONR6529,4082,6528,1
1121,PII2271,7260,9133,1
1122,ASR7019,4853,5475,1
1123,HRP2869,7944,9952,1
1124,NPO3381,3596,4244,1
1125,NZQ1040,3772,6303,1
1126,JAN4201,9222,5020,1
1127,PWM8734,2322,8902,1
1128,JUY9988,0,0,1
1129,ICC7490,5303,7658,1
1130,HTX5603,6775,7722,1
1131,NID5468,1000,1194,1
1132,HDW6694,5010,8083,1
1133,OMG0026,1010,9237,1
1134,INI9635,9994,982,1
1135,PDD1143,5466,1020,1
1136,OGD2050,4316,706,1
1137,PKM7174,3538,70,1
1138,EAR4080,1000,1194,1
1139,OLS2179,4156,5989,5
1140,OGX2059,3444,967,1
1141,NFV6307,2434,2172,1
1142,OPI0989,7272,1070,1
1143,FDN1270,2434,2172,1
1144,OMS3162,5825,9794,1
1145,OQC3372,2486,1840,1
1146,NQO7323,7556,4971,1
1147,MTN7787,3553,9819,1
1148,HOY7400,5332,4583,1
1149,FHX7387,6794,1377,1
1150,HFY2740,9422,5310,1
1151,LBB1333,2422,8622,1
1152,AOO6950,224,9684,1
1153,HGW6857,764,6804,1
1154,OLS2179,2206,8986,3
1155,IIS0118,1412,9134,1
1156,OMN7744,5256,7837,1
1157,PKN0635,7260,9133,1
1158,PJM2653,4853,8470,1
1159,ODT7927,7262,8878,1
1160,ODC7850,3500,6325,2
1161,ATM5453,5825,9794,1
1162,IZP1442,8112,2056,1
1163,HYM6113,3522,1867,1
1164,IJJ1734,5466,1020,1
1165,OTF9140,764,6804,1
1166,ONF4608,4880,550,1
1167,KQU2507,3344,8755,1
1168,PGM7201,4944,9278,1
1169,HSV7524,3553,9819,1
1170,ONR2136,7210,1962,1
1171,OMG0026,3964,8994,1
1172,NUG8997,6050,6869,1
1173,PWN6261,5825,9794,1
1174,HPI4182,9666,833,1
1175,ONP2147,5472,7792,1
1176,OJC1038,2633,875,1
1177,HXY3941,6775,7722,1
1178,NNU4741,2403,9277,1
1179,OOC7860,2850,4686,1
1180,HAX1844,3500,6325,1
1181,OHG2633,2822,8028,1
1182,HVV3654,4316,3639,1
1183,MCB0010,0,6333,2
1184,IZI1373,4944,9278,1
1185,BCP7123,4501,5528,1
1186,INB4557,2557,2056,1
1187,PFI6724,6072,9488,1
1188,HNU5294,2403,9277,1
1189,FKD8229,1010,9237,1
1190,NFS1010,1444,4721,1
1191,OQR9793,7944,9952,1
1192,NSQ2971,5472,7792,1
1193,OTR3545,2422,8622,1
1194,OAZ6865,1708,1402,2
1195,GQR1484,6842,4782,1
1196,NQD7943,7272,1192,1
1197,ADU8592,5010,8083,1
1198,OBT8420,4400,5106,1
1199,OMP5129,5303,7658,1
1200,PDD0011,3553,9819,1
1201,PHM6869,3500,6325,1
1202,OYH5787,7260,9133,1
1203,PIJ1883,1184,2142,1
1204,HDY4211,7210,1962,1
1205,JLS8813,7944,8369,1
1206,NPQ6807,5472,7792,1
1207,ADL4016,6794,1377,1
1208,OKG8301,2634,9246,1
1209,FAQ6228,8653,2233,1
1210,OAZ3657,4332,2860,3
1211,BIS6908,7833,7444,2
1212,OCI1146,6072,9488,1
1213,HOY7400,1289,9660,1
1214,KMK3350,1688,7419,1
1215,NYI5823,6072,9488,1
1216,OII2238,4111,0,1
1217,HSW4117,4944,9278,1
1218,HOX2571,7944,9952,1
1219,ICM1915,9711,2269,1
1220,ODI7329,2850,4686,1
1221,NNU4612,4361,2544,1
1222,ANI0001,1382,4248,1
1223,POZ6441,2850,4686,1
1224,OHC1394,94,6,1
1225,BEM5277,4117,2929,1
1226,KZM7882,2633,875,1
1227,HHX8121,5825,9794,1
1228,NVL1238,8310,2494,1
1229,POZ6441,6364,7267,1
1230,OGD2050,53,5909,1
1231,OYR7695,132,5022,1
1232,HZK2245,5000,4778,1
1233,NYA3268,4042,2203,1
1234,KER3492,9711,2269,1
1235,PSN6821,6050,6869,1
1236,IRI3800,9222,5020,1
1237,AIA8931,0,6194,1
1238,PXD4624,3522,1867,1
1239,NYQ2763,2634,9246,1
1240,OUR1821,9222,5020,1
1241,ODS0899,3964,8994,1
1242,KFY4644,3720,2859,1
1243,ODM0614,9666,833,1
1244,OLS2179,1528,50,4
1245,ODC1668,4117,2929,1
1246,OLR6976,1010,9237,1
1247,PON7460,3553,9819,1
1248,EBX6495,6072,9488,1
1249,HPW4093,7134,4709,1
1250,BGG9918,1010,9237,1
1251,NQQ6151,1308,9661,1
1252,OLS2179,6638,2170,5
1253,NDU2833,9711,2269,1
1254,OGX2059,8444,528,1
1255,IFO7900,224,9684,1
1256,OTR3545,9222,1778,1
1257,OTG3865,2964,3758,1
1258,PFD8570,2088,6750,1
1259,NPO5354,1000,833,1
1260,ODC3894,9388,472,1
1261,OTR7991,5472,7792,1
1262,OSC1360,2374,6763,1
1263,NWU5341,7088,5806,1
1264,JXJ0014,1412,9134,1
1265,PBO6344,4738,6727,1
1266,GQS9726,7260,9133,2
1267,JOG6044,9654,4859,1
1268,OBX3551,2556,2528,1
1269,IBN0598,2403,9277,1
1270,HCI6425,3476,8839,1
1271,JNS3400,9430,4736,1
1272,OSR3971,461,4253,1
1273,NMQ1888,8256,9058,1
1274,MAV5178,8666,3860,1
1275,NAI1986,8256,9058,1
1276,GWQ8966,5303,7658,1
1277,NTU0004,1804,8735,1
1278,KAO5601,3894,8600,1
1279,IUG0011,472,5552,1
1280,HDW1942,3894,8600,1
1281,OUB9574,2256,9146,1
1282,OBT7586,2556,2528,1
1283,OHM9673,3522,1867,1
1284,HKP5885,1708,1402,1
1285,OGF9991,4501,5528,1
1286,PJM5681,2324,8727,1
1287,OGI9127,1000,833,1
1288,OHC7261,7260,9133,1
1289,OVP9420,4117,2929,1
1290,OZH9939,3976,6305,1
1291,PBM1151,5825,9794,1
1292,GUJ0111,6775,7722,1
1293,HSV7524,8711,2753,1
1294,HIX7662,3638,8261,1
1295,OUW4021,8553,444,1
1296,OOR1539,9994,982,1
1297,BOA5162,7260,9133,1
1298,ORR2039,2850,4686,1
1299,PFW1941,9222,5020,1
1300,PSN8017,8444,528,1
1301,PIJ1883,3444,967,1
1302,OTP9417,8444,528,1
1303,OLS2179,2822,0,1
1304,HNY5767,9994,982,1
1305,OLI2917,5825,9794,1
1306,OUR1821,1278,569,1
1307,HPV1135,7262,8878,2
1308,OXR5019,4608,1990,1
1309,HDY5458,2322,8902,1
1310,IHU6879,5000,4778,1
1311,PSW6099,9222,5020,1
1312,HCW2650,2374,6763,1
1313,HDW4067,2403,9277,1
1314,HIX4501,2633,875,1
1315,OCL7995,2324,8727,1
1316,OMC6510,764,6804,1
1317,JYI8108,8310,2494,1
1318,NOY3260,2634,9246,1
1319,MGU8686,5000,4778,1
1320,OHC7261,9222,1778,1
1321,HOY3514,4042,2203,1
1322,HJO7297,1278,569,1
1323,PTN1651,3944,7554,1
1324,PAM0187,1412,9134,1
1325,OLS2179,4853,5475,1
1326,OXR2674,7944,8369,1
1327,OVS5852,4608,1990,1
1328,JXI9598,3088,6052,1
1329,NTU0004,1638,6794,2
1330,OSJ7818,2403,9277,1
1331,OEI3321,6050,6869,1
1332,ODI5088,7134,4709,1
1333,ODI7598,4501,5528,1
1334,EMZ3263,4738,6727,1
1335,HDY8907,2634,9246,1
1336,OEZ7199,3522,1867,1
1337,IJM5862,6050,6869,1
1338,PIW2101,9222,5020,1
1339,NVU1753,9422,5310,1
1340,PBJ6676,6638,2170,1
1341,PJQ7221,4888,6233,1
1342,NDO5294,5825,9794,1
1343,OIM5886,5328,2522,1
1344,HEX5071,4738,6727,1
1345,ORI6201,3444,967,1
1346,OBI1584,6333,6028,1
1347,NUQ5005,6050,6869,1
1348,JYP2514,764,6804,1
1349,BYA1310,5466,1020,1
1350,NQO7323,2422,8622,1
1351,NMU1645,5500,4917,1
1352,OEC9029,9654,4859,1
1353,PMN8281,461,4253,1
1354,OCS4387,9711,2269,1
1355,AII1111,7272,1070,1
1356,EGD6213,3416,1233,1
1357,OQD6691,8310,2494,1
1358,OJZ8521,472,5552,1
1359,HOY8287,5000,4778,1
1360,OFL7137,53,5909,2
1361,NCV1398,7944,8369,1
1362,GGS1775,3944,7554,1
1363,POZ6441,2964,3758,1
1364,OKF7918,1024,3153,3
1365,PQM7502,588,897,1
1366,OIA7584,4082,6528,1
1367,OYG3601,7833,7444,1
1368,PHM6869,2556,2528,1
1369,OQC8586,6842,4782,1
1370,OJZ1505,6050,6869,1
1371,BKM6615,9222,5020,1
1372,NVU1207,2612,6611,1
1373,KAD6008,8310,2494,1
1374,HCP5762,4361,2544,1
1375,OJC1038,4853,8470,1
1376,NDN7007,2833,1278,1
1377,HDM0871,7262,8878,1
1378,OFS9866,2403,9277,1
1379,KSE6856,9612,8692,1
1380,HPY2820,7134,4709,1
1381,HOY7400,6166,4305,2
1382,NLQ9181,472,5552,1
1383,OAZ6865,8711,2753,1
1384,PHN1903,9422,5310,1
1385,ODR7176,2088,6750,1
1386,OEZ7199,6364,7267,1
1387,OXP4718,1638,6794,1
1388,HOO7310,4162,7589,1
1389,OIC9255,1000,833,1
1390,IRI1877,2434,2172,1
1391,HSU8924,9222,5020,1
1392,JSR6554,8112,2056,1
1393,PUM1659,1000,833,1
1394,HQY4658,6794,1377,1
1395,PGQ0540,8666,3860,1
1396,OTR7601,2422,8622,1
1397,FKN7187,1708,1402,1
1398,OBI9038,9222,1778,1
1399,PDM9563,764,6804,1
1400,OTS1324,2850,4686,2
1401,JVR7034,8112,2056,1
1402,PRM0197,1708,1402,1
1403,HWU6134,1708,1402,1
1404,OGD2050,5556,9333,1
1405,HCY0608,802,2054,1
1406,NNQ9608,5000,4778,1
1407,PDN8026,3894,8600,1
1408,AVK9713,7260,9133,1
1409,HHV1471,3976,6305,1
1410,PAO9964,9654,4859,1
1411,OWR8268,1638,6794,2
1412,JDT6620,9994,982,1
1413,AOO6950,8188,8761,1
1414,OGQ6445,5000,4778,1
1415,HRY7910,2634,9246,1
1416,OPC1358,6072,9488,1
1417,OMG0026,8444,528,1
1418,BAN3592,6072,9488,1
1419,OSS0802,7556,4971,1
1420,NDR4441,2850,4686,1
1421,KHQ3552,7134,4709,1
1422,HYW3538,4111,0,1
1423,ODC5319,4082,6528,1
1424,BIM8423,2322,8902,1
1425,OII1837,3772,6303,1
1426,PSN8017,1000,1194,1
1427,NQD7943,8060,4789,1
1428,HDZ0304,4738,6727,1
1429,ODI3172,224,9684,1
1430,HEU3324,9666,833,1
1431,BOO3172,3861,7458,1
1432,OOC1081,3596,4244,1
1433,BRI0126,9711,2269,1
1434,ODD5911,4316,706,1
1435,OLS2179,1688,7419,3
1436,PSN6821,1010,9237,1
1437,ODA4000,5010,8083,1
1438,HDX9662,5303,7658,1
1439,NGD4960,2422,8622,1
1440,ORF0008,388,3833,1
1441,NDU0476,3861,7458,1
1442,NQQ0311,1772,1190,1
1443,NRJ3323,5303,7658,1
1444,OTR6379,4316,3639,1
1445,OWS5089,9711,2269,1
1446,OIA7584,6775,7722,2
1447,BBM7841,2556,2528,1
1448,OTP5879,5880,8554,1
1449,HLY0077,1308,9661,1
1450,PIU4888,2434,2172,1
1451,PZM9361,7944,8369,1
1452,OCI8619,8553,444,1
1453,IKN8618,9222,1778,1
1454,NBB5376,2322,8902,1
1455,MUX9069,2850,4686,1
1456,HIV6085,6072,9488,1
1457,HDX9298,944,1277,1
1458,OTM4616,461,4253,1
1459,OCL3689,9666,833,1
1460,HMY4322,7833,7444,1
1461,PSN6821,9711,2269,2
1462,PDD8816,7260,9133,1
1463,OTF9140,9422,5310,3
1464,OJS6883,53,5909,1
1465,FPD6122,1772,1190,1
1466,PLX4317,6775,7722,1
1467,ORK5413,5613,8278,1
1468,ICS0597,9388,472,1
1469,HRY9231,2850,4686,1
1470,HZS1286,961,914,1
1471,NRU1816,53,5909,1
1472,AGI7363,2322,8902,1
1473,PRE3670,7361,6353,1
1474,OVS3680,4117,2929,1
1475,HNY9829,1772,1190,4
1476,OAZ3657,5332,4583,2
1477,NQO7323,1772,1190,1
1478,OHC1394,4144,3519,2
1479,ODR2343,2256,9146,1
1480,ADP4038,7723,5667,1
1481,ONJ4248,4738,6727,2
1482,HRX1160,3553,9819,1
1483,PRE3670,8310,2494,1
1484,ODC7742,2486,1840,1
1485,OTB9461,7428,4378,1
1486,JOU3537,2322,8902,1
1487,OGR6157,5000,4778,1
1488,BSS0884,4316,3639,1
1489,KRJ3481,1382,4248,1
1490,KPQ2292,8188,8761,1
1491,OHM9673,7272,1070,1
1492,PCD6341,8310,2494,1
1493,AQM2344,2403,9277,1
1494,ARR1110,2557,2056,1
1495,HWU6134,6364,7267,1
1496,IQL7867,472,5552,1
1497,MRQ5004,5222,3444,1
1498,HSV7524,3538,70,1
1499,KFJ4407,9994,982,1
1500,HLL9482,7272,1070,1
1501,NKR6858,6072,9488,1
1502,PFW9288,7262,8878,1
1503,NIQ9545,6050,6869,1
1504,PMA9196,9999,0,1
1505,NNQ9381,224,9684,1
1506,HRX8745,7944,8369,1
1507,ODX7036,2434,2172,1
1508,OBI8947,944,1277,1
1509,PDM5549,1638,6794,1
1510,OUU0715,5256,7837,1
1511,JBP1921,2850,4686,1
1512,OTF9140,8412,89,1
1513,OSC6260,6775,7722,1
1514,PAN9801,4082,6528,1
1515,PND6560,1772,1190,1
1516,NOA7697,9994,982,1
1517,OUM6024,9222,1778,1
1518,NAI1986,8553,444,1
1519,ONF4608,5610,8083,1
1520,JYI8108,132,5022,1
1521,OTR3545,3964,8994,1
1522,ORM5424,4400,5106,2
1523,PWM8734,132,5022,1
1524,OGD2050,7833,7444,5
1525,IDH7278,9654,4859,1
1526,OHM9673,2556,2528,2
1527,MGC3008,1708,1402,1
1528,OAZ3657,8053,4258,1
1529,OBI1816,6782,800,1
1530,BSS0205,2850,4686,1
1531,OCI8619,1000,1194,1
1532,IXR2061,5825,9794,1
1533,KDL7618,1708,1402,1
1534,ORM5424,2254,1257,1
1535,HIU6437,7812,6182,1
1536,ODS3787,1010,9237,1
1537,NRO1150,6794,1377,1
1538,OII2238,5256,7837,1
1539,HEI3264,6072,9488,1
1540,PNM7243,6967,855,1
1541,POZ6441,8053,4258,1
1542,OAZ2611,1278,569,4
1543,OAZ6865,7210,1962,1
1544,IEL4512,1010,9237,1
1545,OOI0317,7938,8810,1
1546,PTM8055,2964,3758,1
1547,ODC1668,388,3833,1
1548,OKS1160,388,3833,1
1549,AOP3966,1000,1194,1
1550,HLY0077,944,1277,1
1551,HDV9966,2324,8727,1
1552,OSR6440,8053,4258,1
1553,LGL8545,7833,7444,1
1554,NLQ1913,7833,7444,1
1555,OLS2179,6072,3056,4
1556,ODR5192,9388,472,2
1557,OEC8573,2556,2528,1
1558,HVJ8613,5466,1020,1
1559,OAG6713,9222,1778,1
1560,LXO6310,9654,4859,2
1561,HIY3839,7134,4709,1
1562,ODC5319,1594,6300,1
1563,OME2316,1010,9237,1
1564,AAA1111,2556,2528,1
1565,HYV8811,7938,8810,1
1566,ODR1556,9994,982,1
1567,BRO4061,1289,9660,1
1568,PXN1912,4880,550,1
1569,OGC7705,2850,4686,1
1570,HVW7547,3088,6052,1
1571,HJV8703,4400,5106,1
1572,OIC9723,6775,7722,1
1573,OTX0502,5825,9794,1
1574,HBK8000,2850,4686,1
1575,OKM8231,6364,7267,1
1576,AII1111,0,6194,1
1577,ODC5319,1638,6794,1
1578,MRQ0672,9356,1131,1
1579,PUM1659,8112,2056,1
1580,MVD8293,5222,3444,1
1581,ONF4608,5613,8278,1
1582,OLS2179,1594,6300,1
1583,GRU6721,1382,4248,1
1584,IYG7462,7723,5667,1
1585,NSQ1306,8053,4258,1
1586,OOI6394,2088,6750,1
1587,PPM6450,4162,7589,1
1588,OCP7692,5666,5667,1
1589,OGD2050,8112,2056,1
1590,OPS4411,7260,9133,1
1591,OCL7995,5825,9794,2
1592,IQJ4229,3894,8600,1
1593,LJJ3201,2634,9246,1
1594,BON7216,3553,9819,24
1595,ONQ8483,2557,2056,1
1596,JIY5712,4082,6528,1
1597,PRE3670,2324,8727,1
1598,IJK3349,9994,982,1
1599,OZH4294,1289,9660,1
1600,PVW2870,7812,6182,1
1601,OBC9755,5466,1020,1
1602,KXO0392,7428,4378,1
1603,NDD6601,7272,1070,1
1604,OCG8484,53,5909,1
1605,OBC9755,1412,9134,1
1606,JTR1190,2634,9246,1
1607,EMZ3263,9430,4736,1
1608,MWD0960,2557,2056,1
1609,GES4014,8310,2494,1
1610,OOR9118,132,5022,1
1611,PPU0410,2088,6750,1
1612,HDW7729,5303,7658,2
1613,NDU9329,9612,8692,1
1614,OCV8364,2422,8622,1
1615,JES0083,6967,855,1
1616,ACI9869,5666,5667,1
1617,OYH9401,4111,0,1
1618,ODT5245,2434,2172,1
1619,OBC8359,4738,6727,1
1620,OII4912,8112,2056,1
1621,MGT5519,132,5022,1
1622,JPR8559,3522,1867,1
1623,PSN6821,5010,8083,1
1624,PAU0416,3976,6305,1
1625,PSM8225,5303,7658,1
1626,OZH5283,1708,1402,1
1627,HDU8824,6775,7722,1
1628,KER3492,2403,9277,1
1629,OII0513,3500,6325,1
1630,HNY5767,7260,9133,1
1631,OOD4488,5666,5667,1
1632,ILQ4626,2964,3758,1
1633,OKS8126,2422,8622,1
1634,FHA7859,6967,855,1
1635,PAD6303,5256,7837,1
1636,EYX5537,4944,9278,1
1637,PRE3670,7812,6182,1
1638,NVU1207,7944,8369,1
1639,OEB8525,7260,9133,1
1640,NQU4218,8112,2056,1
1641,ONC2940,3553,9819,1
1642,OOR1539,3944,7554,1
1643,HDE9613,2254,1257,1
1644,PRE3670,5825,9794,1
1645,PJM5425,5472,7792,1
1646,OII2238,6782,800,1
1647,OHL5041,2434,2172,1
1648,OFI7146,7944,9952,1
1649,OKH5359,4738,6727,1
1650,LXO6310,2322,8902,1
1651,HOU2084,3596,4244,1
1652,OIS8079,7833,7444,1
1653,PUM1659,1000,1194,1
1654,HSU1557,7944,9952,1
1655,PAD7394,5222,3444,1
1656,OQF3284,9422,5310,1
1657,HLV2856,5500,4917,2
1658,OKS0115,5472,7792,1
1659,HWY1168,5466,1020,1
1660,ODI0879,7260,9133,2
1661,NYU8979,1000,8542,1
1662,HNN9835,4111,0,1
1663,OIF7496,1382,4248,1
1664,AOU0020,1000,1194,1
1665,EMM0804,2557,2056,1
1666,PPN6356,2486,1840,1
1667,NQO7405,3553,9819,1
1668,NZQ1915,4042,2203,1
1669,OII2238,5010,8083,1
1670,HEY4492,8711,2753,1
1671,AUO4465,9222,5020,1
1672,POZ6441,3861,7458,1
1673,KIL9927,6794,1377,1
1674,OUM6024,4316,706,1
1675,HOU2084,4111,0,1
1676,NDM8711,2634,9246,1
1677,OIC6845,2833,1278,1
1678,AII1111,1278,569,1
1679,OIA7584,1638,6794,1
1680,BZW2999,5303,7658,1
1681,OTR3545,3444,967,1
1682,FCA4100,8653,2233,1
1683,BIS2343,1024,3153,1
1684,OGL3599,2822,0,1
1685,OHH8512,5613,8278,1
1686,HEU3324,4316,3639,1
1687,IID1111,4738,6727,2
1688,OOR1602,4738,6727,1
1689,IHO8086,2434,2172,1
1690,AIF3410,9694,2880,1
1691,HDX7439,6050,6869,1
1692,OJS3648,5303,7658,1
1693,OBA6088,4738,6727,1
1694,HMW0413,3522,1867,1
1695,EIK4556,7134,4709,1
1696,OZH5283,5303,7658,1
1697,PHN1903,944,1277,1
1698,NQO7323,4840,9736,4
1699,HAZ7144,9711,2269,1
1700,NDU2542,4316,706,1
1701,AOO6950,2166,6650,1
1702,ODI0879,2322,8902,1
1703,OSR3971,472,5552,2
1704,IUN4702,6364,7267,1
1705,ICN5010,5472,7792,1
1706,KRY1393,5303,7658,1
1707,OOS3217,3538,70,1
1708,OSC0112,3444,967,1
1709,OJC1038,3553,9819,1
1710,NOO8223,6842,4782,1
1711,NNQ1646,6782,800,1
1712,OCI8619,8444,528,1
1713,GIU5269,2434,2172,1
1714,HDX3872,5000,4778,1
1715,GQR2591,3720,2859,1
1716,HEY5119,3861,7458,1
1717,PKW6136,9222,5020,1
1718,OOD4488,6333,6028,1
1719,LTR4558,6775,7722,1
1720,FHN0301,461,4253,1
1721,OHM9673,9388,472,1
1722,KYJ3654,2964,3758,1
1723,KXV1864,944,1277,1
1724,ODC8841,5472,7792,1
1725,OSS0412,461,4253,1
1726,MVV5820,1184,2142,1
1727,HMY0112,2322,8902,1
1728,IML8293,8666,3860,1
1729,HDR2398,4042,2203,1
1730,HXX0125,5825,9794,1
1731,OJC2067,5000,4778,1
1732,HYQ2696,5825,9794,1
1733,MPM8395,9994,982,1
1734,ORS1609,7210,1962,1
1735,ONS4163,4316,3639,1
1736,OSS4843,7088,5806,1
1737,OXR2674,132,5022,1
1738,OIS0049,3894,8600,1
1739,OED2263,8653,2233,1
1740,MYU6791,7272,1070,1
1741,IIS0118,53,5909,1
1742,HDG9391,3861,7458,1
1743,OAZ6913,2634,9246,1
1744,OGD2050,1000,1194,1
1745,ANX0126,7272,1070,1
1746,OGM4544,764,6804,1
1747,ODC5843,3088,6052,1
1748,HDX7409,224,9684,1
1749,HEY2717,764,6804,1
1750,JDT6620,7134,4709,1
1751,OZH4294,6364,7267,1
1752,HTY2685,4840,9736,1
1753,MVV6314,1638,6794,1
1754,NQH6401,9422,5310,1
1755,POZ6441,2256,9146,1
1756,IPI1811,8060,4789,1
1757,OLS8841,388,3833,1
1758,ODT2125,53,5909,1
1759,OUS4866,8553,444,1
1760,OGL3599,4750,5075,1
1761,OIR9493,9222,5020,1
1762,OSR1909,6782,800,1
1763,AOM4446,5328,2522,1
1764,POZ6441,9666,833,1
1765,LOR2541,9988,1800,1
1766,KAQ5276,2434,2172,1
1767,OJS3648,3538,70,1
1768,HDX0758,5556,9333,1
1769,HDY0092,6050,6869,1
1770,KFI6645,2850,4686,1
1771,OTC6669,4738,6727,1
1772,JXI9598,944,1277,2
1773,OTR4621,2324,8727,1
1774,HIW2351,7262,8878,1
1775,PSN8017,9222,1778,1
1776,OUS0686,7428,4378,1
1777,HMX6391,8053,4258,1
1778,NAN2190,9612,8692,1
1779,JJS0196,1382,4248,1
1780,PSM0626,2850,4686,1
1781,OGQ6445,3088,6052,1
1782,OYI2728,5328,2522,1
1783,EMZ3263,944,1277,2
1784,OHC7261,8444,528,1
1785,HFY6427,9222,5020,1
1786,JRT3655,2422,8622,1
1787,HEX1596,3522,1867,1
1788,IWH2158,7723,5667,1
1789,HKV7316,8653,2233,1
1790,HDY7348,1000,8542,1
1791,OQF4653,6967,855,1
1792,HCY6699,7272,1070,1
1793,OXR5342,8653,2233,1
1794,PDD8816,472,5552,1
1795,JAZ2121,5222,3444,1
1796,BIS2343,4316,706,1
1797,OGX2059,2434,2172,1
1798,JEP9503,3553,9819,1
1799,KMQ9451,1638,6794,1
1800,OIF0917,7272,1070,1
1801,PDM5733,2833,1278,2
1802,HGY9057,4608,1990,2
1803,NVU1207,6050,6869,2
1804,EPP3926,7134,4709,1
1805,POZ0646,4204,725,1
1806,HDX4735,3444,967,1
1807,KDK7060,7723,5667,1
1808,NDQ7587,2403,9277,1
1809,NCU3350,7134,4709,1
1810,PSY5723,8553,444,1
1811,OQC2474,7833,7444,1
1812,EPA1604,224,9684,1
1813,NDQ2200,3944,7554,1
1814,GII9513,1024,3153,1
1815,HOV4193,7428,4378,1
1816,KBM3636,9654,4859,1
1817,FBG8449,1278,569,1
1818,OYT3172,1444,4721,2
1819,OTS1324,4316,3639,2
1820,OGD2050,3964,8994,4
1821,OPI0989,4042,2203,1
1822,OIF0917,5613,8278,1
1823,OBI9038,1000,1194,1
1824,PGM6079,4117,2929,1
1825,NDI5350,6794,1377,1
1826,OWC8310,8188,8761,1
1827,OIF7496,4316,3639,1
1828,HDY3546,3444,967,1
1829,ORM4766,5825,9794,1
1830,KVO1201,8310,2494,1
1831,OLS2179,9388,472,2
1832,OMS3145,3522,1867,3
1833,NMQ1324,2256,9146,1
1834,HQD5530,5472,7792,1
1835,OUU0715,8188,8761,1
1836,NMO8780,5256,7837,1
1837,NJS0961,9222,5020,1
1838,MLQ3861,224,9684,1
1839,OVS5852,53,5909,1
1840,OAJ6910,7833,7444,1
1841,NRQ4815,7944,8369,1
1842,HIY1239,5328,2522,1
1843,ODC3134,6072,9488,1
1844,HDJ3313,3088,6052,1
1845,OFS6214,1412,9134,1
1846,NQO7323,8666,3860,4
1847,OIC0612,9388,472,1
1848,HKD8630,7134,4709,1
1849,OQC3372,388,3833,1
1850,OGD2050,4944,9278,1
1851,OYR5065,224,9684,1
1852,OIY0998,4400,5106,1
1853,NUQ1325,6794,1377,3
1854,HOU9265,9422,5310,1
1855,ODD3347,3444,967,1
1856,BON7210,3553,9819,12
1857,JYI8108,4111,0,1
1858,NPN5820,3964,8994,2
1859,OLS2179,2822,8028,2
1860,OOR1539,5556,9333,1
1861,ODK0440,6050,6869,1
1862,OFI6853,5466,1020,1
1863,OQI8764,2403,9277,1
1864,NOO3339,9222,5020,1
1865,HJM9543,7272,1070,1
1866,HDD3534,7210,1962,1
1867,LTU9040,1000,833,1
1868,HKX3062,1772,1190,1
1869,JPM4484,1382,4248,1
1870,PSM0626,5303,7658,2
1871,OIF7496,5472,7792,1
1872,NDQ3564,3964,8994,1
1873,HAH7729,2324,8727,1
1874,AII1111,1289,9660,1
1875,OOI9767,9430,4736,1
1876,OGT2058,6364,7267,1
1877,NDU2833,9988,1800,1
1878,LQI2429,8310,2494,1
1879,OZR1944,5880,8554,1
1880,OSG3380,0,0,1
1881,OBR1672,6166,4305,1
1882,NQO7323,1244,9900,3
1883,OLS2179,3522,1867,4
1884,OJI7511,1708,1402,1
1885,NJQ2300,2850,4686,1
1886,OGD2050,224,9684,1
1887,IKH9342,5825,9794,1
1888,OTQ9378,2324,8727,1
1889,OFL7137,4111,0,1
1890,OYH0291,0,6194,1
1891,LCY3375,3522,1867,1
1892,OCL7995,3772,6303,1
1893,OBT0996,4501,5528,1
1894,HBJ1051,6794,1377,1
1895,OHM9673,2634,9246,1
1896,MGY7531,461,4253,1
1897,HIX4111,472,5552,1
1898,HHW5394,5472,7792,1
1899,NDI5350,7723,5667,1
1900,HNW4057,7260,9133,1
1901,PDN0490,7260,9133,1
1902,PYW4088,5494,8746,1
1903,PDM1233,2422,8622,1
1904,PSM0626,3522,1867,1
1905,HFY3318,1688,7419,1
1906,IUR7394,2833,1278,1
1907,OTS1324,5000,4778,1
1908,HRL8400,1412,9134,1
1909,IJN1506,2964,3758,1
1910,OOR6252,461,4253,1
1911,LHS1446,4042,2203,1
1912,PRN0663,9711,2269,1
1913,IIB1581,7272,1070,1
1914,PNM7243,9711,2269,1
1915,BOS5090,2434,2172,1
1916,OMS3145,7272,1070,2
1917,OMP5129,3522,1867,1
1918,HSQ9871,1772,1190,1
1919,HOU2084,5556,9333,1
1920,HYV0011,2322,8902,1
1921,OAG6713,5556,9333,1
1922,OBA6088,1308,9661,1
1923,OYR1018,858,4232,1
1924,KDQ6044,5303,7658,1
1925,OAZ3657,6842,4782,2
1926,JWN9142,9222,5020,1
1927,OCI8619,3444,967,1
1928,OLS2179,2556,2528,3
1929,NQO7323,9711,2269,2
1930,PJI4174,5825,9794,1
1931,LYO1073,1382,4248,1
1932,OTM4616,9654,4859,1
1933,OWI6771,6364,7267,1
1934,IIO5062,8060,4789,1
1935,PAD7394,8553,444,1
1936,NDM8711,4117,2929,1
1937,BDR2849,5825,9794,1
1938,NQC8713,5880,8554,1
1939,PFM6271,3538,70,1
1940,PCN7238,7833,7444,1
1941,OMS3145,4042,2203,1
1942,OOC2738,6050,6869,1
1943,AZQ3793,9711,2269,1
1944,NWU1719,8188,8761,1
1945,HCW7629,9422,5310,1
1946,JYI8108,3944,7554,1
1947,AIK1045,1772,1190,1
1948,OZH4294,9222,5020,1
1949,HEW2201,9422,5310,1
1950,ELR5106,3500,6325,1
1951,BGL1688,7134,4709,1
1952,HMW8546,6775,7722,1
1953,PNM9125,6364,7267,1
1954,OMS3145,2556,2528,1
1955,OIS7764,9694,2880,1
1956,OOR1539,8310,2494,2
1957,IEH7833,5825,9794,1
1958,HDR6139,7361,6353,1
1959,OSB7889,7260,9133,1
1960,OUM6024,5556,9333,1
1961,OTL0436,6775,7722,1
1962,OYP8524,1113,8750,2
1963,ORM5424,4082,6528,1
1964,OLS2179,588,897,4
1965,PCM4360,5825,9794,1
1966,JPD5054,3416,1233,1
1967,OAJ6910,4944,9278,2
1968,ODS0004,1024,3153,2
1969,AII1111,8412,89,1
1970,OOI9767,6364,7267,1
1971,OIF0917,764,6804,1
1972,PEM7943,3976,6305,2
1973,PRM9736,1708,1402,1
1974,OWG9292,1772,1190,1
1975,HIY0107,472,5552,1
1976,EMZ3263,1638,6794,1
1977,OHC7261,1000,1194,1
1978,AHI9665,1638,6794,1
1979,OAZ2230,8711,2753,1
1980,PAM1238,9711,2269,1
1981,ODI2493,7428,4378,1
1982,KDQ3848,5000,4778,1
1983,ODM0614,3553,9819,1
1984,OGD2050,2833,1278,1
1985,OEI1987,2434,2172,1
1986,HMY9024,2322,8902,1
1987,OSS4843,1382,4248,1
1988,NDQ3564,2833,1278,1
1989,IJX3600,224,9684,1
1990,ORS0475,388,3833,1
1991,OKS2539,4400,5106,1
1992,AOO6950,4608,1990,2
1993,OHJ0253,7262,8878,1
1994,HOM3962,1000,8542,1
1995,OBT8420,1708,1402,1
1996,PFM7678,3500,6325,1
1997,PFM7678,5332,4583,1
1998,MTN6193,1000,833,1
1999,NIZ2289,5303,7658,1
2000,OPC8678,3476,8839,1
2001,HQU7145,8310,2494,1
2002,ODJ2452,1708,1402,1
2003,IVR1984,224,9684,1
2004,FRO1411,5010,8083,1
2005,OEB8525,461,4253,1
2006,HEK4802,2556,2528,1
2007,NCN2389,8053,4258,1
2008,PZM9361,9612,8692,1
2009,JPW4103,5825,9794,1
2010,ORF0008,2088,6750,1
2011,OKM8231,5472,7792,2
2012,JLY0004,53,5909,1
2013,ODI1510,2634,9246,1
2014,NMQ7254,9666,833,1
2015,NPQ4685,6072,9488,1
2016,NRU4988,2422,8622,1
2017,IZT1111,7723,5667,1
2018,PAD6303,7361,6353,1
2019,INI5663,3596,4244,1
2020,OII2238,6967,855,2
2021,MGU8686,3088,6052,1
2022,NPT1440,5556,9333,1
2023,PFN7841,6782,800,1
2024,OSI0717,6364,7267,1
2025,OJC1038,2088,6750,1
2026,BOO1852,5466,1020,1
2027,OGU7088,461,4253,1
2028,OZZ1760,5466,1020,1
2029,ONF4608,1308,9661,1
2030,NRJ7611,7723,5667,1
2031,OFI7146,3444,967,1
2032,JYI8108,3894,8600,1
2033,INV2413,9222,1778,1
2034,PNM7243,2434,2172,1
2035,ONI8566,5472,7792,1
2036,ORR9866,5825,9794,1
2037,OSK0010,6364,7267,1
2038,JTK9500,7262,8878,1
2039,OTS1324,9422,5310,1
2040,OQS3910,7272,1070,1
2041,EES0758,5466,1020,1
2042,GIO3127,2833,1278,1
2043,IZN7301,1308,9661,1
2044,OZH1628,9654,4859,1
2045,NQY3260,4400,5106,1
2046,NQO7323,961,914,2
2047,NOQ3319,94,6,1
2048,OKN1774,4400,5106,1
2049,HEY9658,7833,7444,1
2050,OTQ9378,8310,2494,1
2051,OVQ0731,1708,1402,1
2052,NFQ4413,6775,7722,1
2053,HOG9817,9654,4859,1
2054,BXH5840,2422,8622,1
2055,OZH9939,6967,855,1
2056,NTH4983,1244,9900,1
2057,PRE3670,6072,9488,1
2058,OUM0479,6364,7267,1
2059,MAK9375,1382,4248,1
2060,OEC9029,1772,1190,1
2061,NPQ6807,6364,7267,1
2062,OOR1539,7134,4709,1
2063,HEX4940,2850,4686,1
2064,KJJ0411,9666,833,1
2065,ALN5794,5613,8278,1
2066,OPI0989,3522,1867,1
2067,OAZ2230,5000,4778,1
2068,OYH5787,8553,444,1
2069,NYQ8223,9422,5310,1
2070,OGU7088,472,5552,1
2071,OYH3369,3720,2859,1
2072,ENI0378,6364,7267,1
2073,OUR6832,4400,5106,1
2074,JDI6501,3538,70,1
2075,OBT8420,4162,7589,1
2076,MBZ3919,4204,725,1
2077,ODI9577,1010,9237,1
2078,OSR6440,6166,4305,1
2079,IEK9223,3553,9819,1
2080,OWC0237,8711,2753,1
2081,NOO6957,4117,2929,1
2082,BNZ6368,1638,6794,1
2083,OSR3971,3976,6305,1
2084,OAZ6865,1382,4248,1
2085,IGH2453,7262,8878,1
2086,OCI8619,224,9684,1
2087,IZK4228,0,6194,1
2088,PHN1903,4117,2929,1
2089,OBL3543,7210,1962,1
2090,ELR5106,2556,2528,1
2091,OLT9931,3476,8839,1
2092,OBT8420,5303,7658,1
2093,IYQ5431,4316,3639,1
2094,NEI8082,4888,6233,1
2095,HDY3546,858,4232,1
2096,POZ6441,6166,4305,1
2097,ODI9868,5472,7792,2
2098,OHM9673,802,2054,1
2099,OIC1310,6050,6869,1
2100,OKG8517,5613,8278,1
2101,OPS3398,3944,7554,1
2102,PNI7475,5256,7837,1
2103,OZH9939,7134,4709,1
2104,OCI1543,3522,1867,1
2105,HPY6455,1382,4248,1
2106,ODC2899,9654,4859,1
2107,IIS0118,7260,9133,1
2108,GAR8441,9222,5020,1
2109,PHN1903,4738,6727,1
2110,OUU0715,7812,6182,1
2111,FXM6293,6072,9488,1
2112,AMN0181,2967,3581,1
2113,IKO6930,3476,8839,1
2114,OUR6123,4082,6528,1
2115,OAZ3657,2672,342,2
2116,PPN9937,7210,1962,2
2117,NNO6029,4332,2860,1
2118,OOI9767,9388,472,2
2119,PDM5086,5825,9794,1
2120,OGS0383,8444,528,1
2121,PHM6869,5472,7792,1
2122,HYX3610,2967,3581,1
2123,HMV8150,1772,1190,2
2124,PDD0011,5610,8083,1
2125,OLA8860,1000,8542,1
2126,OYP9323,7812,6182,1
2127,PJW6171,2403,9277,1
2128,GWV5826,2850,4686,1
2129,ODC3067,9266,2925,2
2130,HDX7409,5010,8083,1
2131,LUC1733,2833,1278,1
2132,EBX6495,2967,3581,1
2133,KOE3572,2964,3758,1
2134,OKI1361,8412,89,1
2135,OII2238,7812,6182,1
2136,OMG0026,7833,7444,1
2137,HHY4333,8711,2753,1
2138,AOO6950,3444,967,2
2139,NYO6486,7260,9133,1
2140,PHM7298,4117,2929,1
2141,OIR0774,2850,4686,1
2142,OHS4905,9654,4859,1
2143,NDN1742,3538,70,1
2144,HEM4565,8653,2233,1
2145,OMG0026,2434,2172,1
2146,HDH6384,7262,8878,1
2147,LXO6310,53,5909,2
2148,LZH0764,1638,6794,1
2149,HLX7963,9388,472,1
2150,ORR4901,5825,9794,1
2151,NTU0004,5610,8083,2
2152,OUD7811,1000,833,1
2153,OCS0974,9666,833,1
2154,NVY4777,1289,9660,1
2155,OIO5572,7088,5806,1
2156,EII5111,4244,7253,1
2157,KDJ0954,5000,4778,1
2158,BOU6950,2422,8622,1
2159,JAR2335,6050,6869,2
2160,PXN6590,4944,9278,1
2161,HCY0608,2556,2528,1
2162,NUQ1325,7723,5667,1
2163,PAD6303,8310,2494,1
2164,KME1536,4316,3639,1
2165,ODM0614,4400,5106,1
2166,HDY3546,5222,3444,1
2167,OPT7715,6072,9488,1
2168,ODI8192,6967,855,1
2169,BHY1868,2556,2528,1
2170,FCI4607,1638,6794,1
2171,NMQ7254,3476,8839,1
2172,OQS3650,3444,967,1
2173,OAZ2611,4880,550,1
2174,LIL1551,6775,7722,1
2175,OPC1261,9222,5020,1
2176,HGX0691,8053,4258,1
2177,NDN1742,2256,9146,1
2178,KOE3572,7262,8878,1
2179,AEV7550,1010,9237,1
2180,HOU2084,1024,3153,1
2181,NPN5820,7833,7444,1
2182,HSD5719,4117,2929,1
2183,HPM0838,5556,9333,1
2184,OTR3545,3344,8755,1
2185,OCS2358,3553,9819,1
2186,OET0710,1804,8735,1
2187,IVN7696,7260,9133,1
2188,NUQ2500,5825,9794,1
2189,ANN8080,6333,6028,1
2190,HTU8925,4944,9278,1
2191,NUU5158,9222,5020,1
2192,NDQ9727,7556,4971,1
2193,PBO6344,8711,2753,1
2194,OMS3145,9388,472,2
2195,OGD2050,5466,1020,3
2196,NOH6029,3088,6052,2
2197,JWR5713,472,5552,1
2198,NSU4429,1932,8329,1
2199,NTO2029,53,5909,1
2200,OHG3969,9612,8692,1
2201,HPY1211,6050,6869,1
2202,OIR4559,1289,9660,1
2203,HRO4511,2612,6611,2
2204,OFH6464,2850,4686,1
2205,NTG5113,7134,4709,1
2206,HDG9391,5500,4917,1
2207,HHI4797,53,5909,1
2208,AZH2622,7944,8369,1
2209,PSD6404,9422,5310,1
2210,HSA3645,2967,3581,1
2211,MKX4698,2964,3758,1
2212,JSR4139,94,6,1
2213,NEV4495,8444,528,1
2214,OYR0715,8666,3860,1
2215,ODI0948,1289,9660,1
2216,HPY7598,9694,2880,1
2217,NRQ5035,7210,1962,1
2218,OTS1324,3894,8600,1
2219,OAZ3657,3894,8600,2
2220,PXD4624,2833,1278,1
2221,NPO6162,7260,9133,1
2222,HMY3822,7262,8878,1
2223,OTQ7816,5010,8083,1
2224,BMN5234,4361,2544,1
2225,HGU0207,2324,8727,1
2226,IVR0508,8053,4258,1
2227,NQH6401,7260,9133,1
2228,OII2238,8053,4258,1
2229,HPU5679,6842,4782,1
2230,OGD2050,802,2054,1
2231,KPC6093,2556,2528,1
2232,ICX4440,6050,6869,1
2233,PRM8033,3344,8755,1
2234,PQF0940,2422,8622,1
2235,PAZ1524,7723,5667,1
2236,PZM9361,944,1277,1
2237,OMD4107,7723,5667,1
2238,OPS3596,6782,800,1
2239,OTR1095,8444,528,1
2240,HDX2776,9612,8692,1
2241,OIC1426,7944,8369,1
2242,OIF0917,8553,444,1
2243,PDM5549,9266,2925,2
2244,MJN7609,7210,1962,1
2245,NPQ8409,1382,4248,1
2246,OUR5128,5466,1020,1
2247,OHC5564,5303,7658,1
2248,OUU0715,8053,4258,1
2249,ODC5319,8800,6081,1
2250,OMC6510,3944,7554,1
2251,MIM4111,2403,9277,1
2252,BGM4013,2850,4686,1
2253,EMZ3263,9711,2269,1
2254,OMS3145,6967,855,1
2255,OSC5581,3944,7554,1
2256,KYP3056,0,0,1
2257,BCN5520,1708,1402,1
2258,ODR2343,5825,9794,1
2259,OTT6271,1000,833,2
2260,GXZ9779,1382,4248,1
2261,MEW3198,9412,5089,1
2262,OCI8619,3538,70,1
2263,HGU0207,2967,3581,2
2264,HUU7856,7428,4378,1
2265,NPN5820,1000,8542,1
2266,OGD2050,5472,7792,1
2267,ODR7905,2403,9277,1
2268,OYL5209,3088,6052,1
2269,ONA0140,6794,1377,1
2270,OHI4395,4316,706,1
2271,OPC4064,9994,982,1
2272,OGI6574,7833,7444,1
2273,OJS3648,5010,8083,1
2274,GOY8509,3553,9819,1
2275,HDQ2856,7272,1192,1
2276,OUW4021,8412,89,1
2277,OAZ6865,1772,1190,1
2278,NPQ4321,5500,4917,1
2279,NDU9322,7361,6353,1
2280,OSB8318,7723,5667,1
2281,OOR1539,6364,7267,1
2282,HNY5767,1278,569,1
2283,MUQ7994,6967,855,1
2284,ORT9936,3538,70,1
2285,OII2238,9388,472,1
2286,NXU1596,9654,4859,1
2287,JOG6044,3500,6325,2
2288,PDN0957,6050,6869,1
2289,JIE6216,2967,3581,1
2290,OZH9939,3861,7458,2
2291,ALM8981,3497,6138,1
2292,ISD7407,2486,1840,1
2293,PXD4624,9994,982,1
2294,EIM6061,9612,8692,1
2295,HEV8353,3553,9819,1
2296,IQM4454,3976,6305,1
2297,HNY5767,2850,4686,1
2298,HJX7416,944,1277,1
2299,ODC5614,8653,2233,1
2300,JYI8108,2672,342,1
2301,NIP6491,6775,7722,1
2302,OHM9673,6782,800,1
2303,LAD7942,9222,1778,1
2304,BBB4082,2088,6750,1
2305,NRG5983,5500,4917,1
2306,FON8690,5880,8554,1
2307,MRQ0672,94,6,1
2308,OMI7114,5610,8083,1
2309,HIV4357,6842,4782,1
2310,OLI9031,7361,6353,1
2311,PAI5644,8310,2494,1
2312,PLM4750,1772,1190,1
2313,NQO7323,7272,1192,2
2314,NQQ0950,5825,9794,1
2315,NVU1207,1528,50,1
2316,HSV8079,2403,9277,1
2317,OSW9892,6794,1377,1
2318,NKQ6580,4361,2544,1
2319,NOO7535,6072,3056,1
2320,AOO6950,1594,6300,1
2321,POZ0646,1932,8329,1
2322,OOR9118,5880,8554,1
2323,PUM1659,1308,9661,1
2324,OME2316,3861,7458,1
2325,HDW5844,7723,5667,1
2326,OPC6879,1289,9660,1
2327,HYK3949,1000,833,1
2328,OLS2179,2422,8622,3
2329,ODC7877,6072,9488,1
2330,IIC5814,944,1277,1
2331,OAO0003,7272,1070,1
2332,OEZ7199,9222,1778,2
2333,OOI6394,2612,6611,1
2334,HMN9422,4075,3683,1
2335,OTS1324,7260,9133,1
2336,OOR9118,9666,833,2
2337,OMB3699,2422,8622,1
2338,OXS2240,4750,5075,1
2339,OUS7778,858,4232,1
2340,PMN8281,4316,3639,1
2341,NZD7739,4332,2860,1
2342,OWR8268,2422,8622,1
2343,NAH1281,8112,2056,1
2344,HAX6673,2256,9146,1
2345,HEY1141,8053,4258,1
2346,OEC1316,2422,8622,2
2347,PRE3670,7088,5806,1
2348,PLM0633,7134,4709,1
2349,BSO2275,2434,2172,1
2350,NVU6800,6050,6869,1
2351,BDN9106,3476,8839,1
2352,HDW5844,2088,6750,1
2353,HXW4141,8653,2233,1
2354,NDQ6117,2403,9277,1
2355,JUZ4086,4400,5106,1
2356,LDL2237,5556,9333,1
2357,HXU3029,3976,6305,1
2358,HNY5339,5303,7658,1
2359,OAG6713,2556,2528,1
2360,ODI1317,461,4253,1
2361,HKY3622,1000,8542,2
2362,OHM9673,4944,9278,1
2363,PAO9964,4738,6727,1
2364,ASO6351,2967,3581,1
2365,LTX0485,3444,967,1
2366,PBK0497,3088,6052,1
2367,OGD2050,1308,9661,1
2368,IEJ7144,3538,70,1
2369,NUQ9777,1412,9134,1
2370,OCC1858,8112,2056,1
2371,HCY0608,1024,3153,1
2372,NVO4642,7361,6353,1
2373,ORG4674,6050,6869,1
2374,OCR5096,5880,8554,1
2375,OIF5925,4501,5528,1
2376,PRM4620,3344,8755,1
2377,OMY1935,1000,833,1
2378,OJC1038,3944,7554,1
2379,NZQ9606,0,6333,1
2380,OGU7088,7262,8878,1
2381,OQF4653,3522,1867,1
2382,OMK4914,7272,1070,1
2383,NQO7323,4156,5989,2
2384,OHM9673,5466,1020,1
2385,PYN6972,2833,1278,1
2386,ISU9692,8310,2494,1
2387,GSS8413,3944,7554,1
2388,BEV1265,6364,7267,1
2389,HJY1332,3476,8839,1
2390,NRQ8790,6842,4782,1
2391,HAZ7144,9222,5020,1
2392,HJY6379,7134,4709,1
2393,MPD9559,5610,8083,1
2394,OFC1914,6364,7267,1
2395,NQO7323,1594,6300,2
2396,IUQ1269,6364,7267,1
2397,OSR6440,5256,7837,1
2398,OQI6974,2633,875,1
2399,JSR6654,4400,5106,1
2400,MAV5178,8060,4789,1
2401,IBM1282,3964,8994,1
2402,BSU0142,4361,2544,1
2403,POZ0646,9422,5310,1
2404,OLS2179,6972,6478,6
2405,IUI9254,7361,6353,1
2406,HAH5504,2324,8727,1
2407,OCI2314,5000,4778,1
2408,NDM8711,2324,8727,1
2409,BPM1127,3720,2859,1
2410,NDU9329,1382,4248,1
2411,PHN8271,2634,9246,1
2412,NTQ1238,4316,3639,1
2413,PXM1009,7944,8369,1
2414,JZR3674,5472,7792,1
2415,POM8389,5472,7792,1
2416,KYG8892,9666,833,1
2417,OOR1539,2964,3758,1
2418,OAJ6910,3416,1233,1
2419,ONS3187,1289,9660,1
2420,NTU0004,2422,8622,1
2421,BBI0800,6364,7267,1
2422,PFD8570,1000,1194,1
2423,OFS5831,6072,9488,1
2424,OGI9127,5472,7792,1
2425,HFV3821,3894,8600,1
2426,NDU0476,5500,4917,1
2427,HKX7228,3500,6325,1
2428,OOI6394,132,5022,1
2429,OII2238,7272,1070,1
2430,HGU0207,8310,2494,1
2431,HWN4042,1772,1190,1
2432,OGS0383,1308,9661,1
2433,AMM4444,764,6804,1
2434,OEC2267,4608,1990,1
2435,HGU0207,6072,9488,1
2436,NPQ6807,9654,4859,1
2437,POZ6441,5825,9794,1
2438,PRZ7840,2256,9146,1
2439,ORR2039,8112,2056,1
2440,PFU6446,2434,2172,1
2441,OAD4561,1024,3153,1
2442,JPX8110,6364,7267,1
2443,BIO2523,9556,0,1
2444,BGY3284,4117,2929,1
2445,PDM3363,2557,2056,1
2446,OAZ3657,7944,8369,1
2447,NDU6938,4853,5475,1
2448,PDM2081,9412,5089,1
2449,OLC2219,8653,2233,1
2450,PEM7943,3088,6052,2
2451,EDC8321,4162,7589,1
2452,OTF0868,3596,4244,1
2453,KTZ4456,9222,5020,1
2454,NQU6796,944,1277,1
2455,BIS2343,3522,1867,1
2456,HYY3505,6794,1377,1
2457,PJM5681,4332,2860,1
2458,PGN5411,4117,2929,2
2459,OIJ1319,7556,4971,1
2460,OZH0795,3538,70,1
2461,PBG8067,4400,5106,1
2462,MAR7355,3444,967,1
2463,HOU2084,8412,89,1
2464,PXN6590,7272,1070,1
2465,OGD2050,9388,472,1
2466,NLV3536,4853,8470,1
2467,OXR0706,8653,2233,1
2468,PDM4462,4082,6528,1
2469,OPR7113,9612,8692,1
2470,ODI4430,2403,9277,1
2471,HQY5260,4400,5106,1
2472,HDV9966,764,6804,1
2473,HRY0978,4332,2860,1
2474,ORR2039,7944,9952,1
2475,ODI0879,6775,7722,1
2476,KIL9927,1412,9134,2
2477,OCI2747,3344,8755,1
2478,ODC6016,6166,4305,1
2479,PSN8017,2556,2528,1
2480,IXN3158,2556,2528,1
2481,PRY4615,1638,6794,1
2482,HKV7316,6364,7267,1
2483,ODC1315,6794,1377,1
2484,OLS2179,9711,2269,1
2485,OOD4488,3416,1233,1
2486,OAQ7803,3444,967,1
2487,NQO7323,4750,5075,4
2488,PFM6271,2324,8727,1
2489,LVN3841,3596,4244,1
2490,BPI7588,4082,6528,1
2491,HKX7228,5880,8554,1
2492,HKX3062,6166,4305,1
2493,PPW1454,9222,5020,1
2494,NDU0020,1010,9237,1
2495,OSP2255,1289,9660,1
2496,OQR5262,3444,967,1
2497,NMX2956,9994,982,2
2498,HAV8162,2850,4686,1
2499,OEG3493,2557,2056,1
2500,BLO8658,1638,6794,1
2501,OBC8759,7833,7444,1
2502,OFI9839,7833,7444,1
2503,BIM8567,6072,9488,1
2504,OCI8619,1382,4248,1
2505,ISO5391,4853,5475,1
2506,HKX7963,1010,9237,1
2507,NIO7624,1638,6794,1
2508,OAE5092,3944,7554,1
2509,OKS8126,2556,2528,1
2510,NID5468,7723,5667,1
2511,OIK9431,2256,9146,1
2512,NVQ1747,5303,7658,1
2513,HSN7968,9222,5020,1
2514,MAO5350,5388,4097,1
2515,PBO6344,2967,3581,1
2516,OVQ0731,4608,1990,1
2517,ASO0080,2612,6611,1
2518,NZD9742,3596,4244,1
2519,OGC1910,1024,3153,1
2520,PSN6821,1804,8735,1
2521,MAY8015,7272,1070,1
2522,AII1825,5825,9794,1
2523,EXR0292,9422,5310,1
2524,OEF7690,9222,5020,1
2525,PSN6821,6775,7722,1
2526,OBI9038,7210,1962,1
2527,OEF7690,0,6194,1
2528,OWR8268,6050,6869,1
2529,OSR3971,3088,6052,1
2530,HOX5714,9222,5020,1
2531,ODT7927,3444,967,1
2532,BGG9918,5880,8554,1
2533,IIX0897,9994,982,1
2534,OTR4621,2256,9146,1
2535,OKM8231,461,4253,1
2536,NSB9000,0,6333,1
2537,JFI8229,8553,444,1
2538,OYX7978,4111,0,1
2539,OKG8517,5466,1020,1
2540,OAM9569,1000,1194,1
2541,LMI1111,6782,800,1
2542,NER7308,4117,2929,2
2543,OSS4843,2403,9277,1
2544,JRR6580,3088,6052,1
2545,JDT4088,9666,833,1
2546,EMZ3263,1000,833,1
2547,PFM7678,3944,7554,1
2548,NKS5786,4400,5106,1
2549,POG4594,9222,5020,1
2550,OMS3145,2833,1278,2
2551,AII1111,1024,3153,1
2552,LAB4371,1772,1190,1
2553,OSR6440,7812,6182,1
2554,PON9401,1000,833,1
2555,HQD4650,5256,7837,1
2556,OKC4043,4853,8470,1
2557,OGX2059,2556,2528,1
2558,NPJ7186,7210,1962,1
2559,NOU4936,6842,4782,1
2560,PEW1270,8053,4258,1
2561,OUU0715,6166,4305,1
2562,BIS1233,6967,855,1
2563,NQO7323,8060,4789,2
2564,NOQ1851,5466,1020,1
2565,HSZ1322,8053,4258,1
2566,JUZ4086,2634,9246,2
2567,OHH4032,2822,8028,1
2568,KYX4806,6775,7722,1
2569,NEV9017,4042,2203,1
2570,OFC9990,2850,4686,1
2571,BBT1111,5010,8083,1
2572,HXI0883,7428,4378,1
2573,PUM1659,7272,1070,1
2574,JYI8108,5332,4583,1
2575,PLM1572,9430,4736,1
2576,OIF0917,2403,9277,1
2577,OAZ3657,7812,6182,1
2578,HYW3538,944,1277,1
2579,BUV7002,2634,9246,1
2580,OKM8231,1000,833,1
2581,LRQ8988,7210,1962,1
2582,HEX9366,8053,4258,1
2583,OIA7584,3596,4244,1
2584,PDQ6200,6072,9488,1
2585,NTU0004,7556,4971,1
2586,PGD8501,1024,3153,1
2587,PSN6821,7088,5806,1
2588,JFS7783,2324,8727,1
2589,OJS3648,1772,1190,1
2590,AUI1450,4880,550,1
2591,KAD6008,3553,9819,1
2592,INK4121,53,5909,1
2593,OWG9292,5472,7792,1
2594,OEZ7199,8112,2056,1
2595,OBM3377,8112,2056,1
2596,NRJ7611,53,5909,1
2597,PSN6821,7210,1962,1
2598,PWU7534,5500,4917,1
2599,GQS9726,9422,5310,1
2600,OII2238,9666,833,1
2601,OWS5089,1638,6794,1
2602,OAS7122,4316,3639,1
2603,PDM4462,2256,9146,1
2604,OJZ8521,3088,6052,1
2605,PSM0626,9654,4859,1
2606,NVU4681,8310,2494,1
2607,III1011,8553,444,1
2608,OAY4074,2324,8727,1
2609,OIG4236,2434,2172,1
2610,OMC7214,3088,6052,1
2611,OUU0715,2256,9146,1
2612,ODC2466,6775,7722,1
2613,AOO6950,9430,4736,1
2614,OPI0989,4316,706,1
2615,OSC1360,9430,4736,1
2616,ISC8227,1708,1402,1
2617,OTS1324,7134,4709,1
2618,LGC9700,5613,8278,1
2619,OVR2205,6782,800,1
2620,OQR2659,4853,5475,1
2621,NBD2689,2324,8727,1
2622,AYR5660,7361,6353,1
2623,OMG0026,2556,2528,1
2624,OUU0715,9666,833,1
2625,HPK9856,5472,7792,1
2626,NMQ7254,3344,8755,1
2627,OJC1038,132,5022,1
2628,HWX7626,6050,6869,1
2629,PHM6869,1000,833,2
2630,OTF9140,3976,6305,2
2631,HNY9829,5303,7658,3
2632,MDP9559,0,0,1
2633,GSS3646,4400,5106,1
2634,PHM4592,4944,9278,1
2635,NTQ5705,1010,9237,1
2636,ITI8756,3976,6305,1
2637,HIX4487,7812,6182,1
2638,HDV1495,8444,528,1
2639,PFM1027,4111,0,1
2640,OZH9939,2634,9246,2
2641,OOI6394,9994,982,2
2642,PFM6271,8310,2494,1
2643,OBC9755,5472,7792,1
2644,OLS2179,1244,9900,2
2645,HEY9658,2556,2528,1
2646,OVS5852,1000,8542,1
2647,PDM5549,9711,2269,1
2648,OFM5093,8444,528,1
2649,HOU1917,7723,5667,1
2650,III1011,9266,2925,1
2651,ATW1101,6842,4782,1
2652,NBI0540,4738,6727,1
2653,IUB3305,2850,4686,1
2654,OBI8842,3553,9819,1
2655,HXK9419,2634,9246,1
2656,NQO7323,2206,8986,1
2657,OHC1394,4853,8470,2
2658,PAO9964,5472,7792,1
2659,PTM1282,944,1277,1
2660,NVU3508,2256,9146,1
2661,ONF4608,1000,1194,1
2662,PRE3670,1382,4248,1
2663,IPJ5193,5466,1020,1
2664,IIK8612,2403,9277,1
2665,HIY8754,3964,8994,1
2666,HIW0047,472,5552,1
2667,BIO0807,3416,1233,1
2668,BMM6897,4082,6528,1
2669,NNQ0410,6072,9488,1
2670,AII1111,1000,833,1
2671,PHM7298,1412,9134,1
2672,OII2238,1308,9661,1
2673,PHM7298,5466,1020,1
2674,NLK1594,9654,4859,1
2675,NQU1734,6775,7722,1
2676,NDM8711,6072,9488,1
2677,PPN9937,7134,4709,1
2678,HLW9231,1772,1190,1
2679,NRD9125,2486,1840,1
2680,OKI5564,944,1277,2
2681,PIX7154,3964,8994,1
2682,OPL1613,7260,9133,1
2683,HIY1121,5880,8554,1
2684,OCL7995,2964,3758,2
2685,IKI8719,2403,9277,1
2686,OYR5557,9654,4859,1
2687,ONF4608,7134,4709,1
2688,PIJ1883,7210,1962,1
2689,OAT7973,4400,5106,1
2690,OUB9574,6050,6869,2
2691,JYI8108,4853,8470,1
2692,OQR9874,5500,4917,1
2693,OES1069,2557,2056,1
2694,OTS1324,472,5552,2
2695,PAD7870,972,983,2
2696,OKG8517,7833,7444,1
2697,OTS6390,9422,5310,1
2698,LSY9974,3976,6305,1
2699,HBM3230,1010,9237,1
2700,HDW3058,1772,1190,1
2701,OMS3145,3964,8994,1
2702,ODJ2452,4204,725,1
2703,OMG0026,5613,8278,1
2704,JLY7331,7134,4709,1
2705,LXO6310,1289,9660,1
2706,BSZ9727,94,6,1
2707,JDE0617,2324,8727,1
2708,NID7857,7134,4709,1
2709,NTR3506,461,4253,1
2710,NQO7323,5388,4097,1
2711,JYK1148,1382,4248,1
2712,BBM8045,6967,855,1
2713,HUY3630,2634,9246,1
2714,OQT4465,5472,7792,1
2715,JVR7034,4162,7589,1
2716,OAK1016,9222,5020,1
2717,OEZ7199,472,5552,1
2718,PRN0070,4853,8470,1
2719,PDN8026,2672,342,1
2720,KDQ3848,1772,1190,1
2721,JDX1676,8053,4258,1
2722,OBI9038,5472,7792,2
2723,PTM8055,5825,9794,1
2724,IKI5023,5466,1020,1
2725,ODI5088,388,3833,1
2726,LPR2160,5825,9794,1
2727,HIV9227,5500,4917,1
2728,PDM4260,5825,9794,1
2729,FFW5620,3444,967,1
2730,OPI0989,5222,3444,1
2731,ANA5404,6072,9488,1
2732,HWY4674,3088,6052,1
2733,IRI1877,1444,4721,1
2734,MRN0250,3976,6305,1
2735,OKF7918,2556,2528,1
2736,OHM9673,8444,528,2
2737,OTE5076,8310,2494,1
2738,ERQ9638,4400,5106,1
2739,OOR1539,2256,9146,1
2740,HOU6452,9222,1778,1
2741,HYV0011,5332,4583,1
2742,BCP7123,3001,5500,1
2743,OGI9127,6364,7267,1
2744,HCY0608,6782,800,1
2745,HAZ7144,4853,5475,1
2746,OII2238,1638,6794,1
2747,OPI0989,224,9684,1
2748,OII2238,9422,5310,1
2749,ORA8437,5613,8278,1
2750,HFY3418,1412,9134,1
2751,JYU8989,3861,7458,1
2752,HUU1999,7361,6353,1
2753,OQD6691,4400,5106,2
2754,PIX4474,1708,1402,1
2755,OVI3384,1638,6794,1
2756,LCV1110,5222,3444,1
2757,KQL7500,9994,982,1
2758,NNI5268,2850,4686,1
2759,MAV5178,1804,8735,4
2760,BDO0376,4117,2929,1
2761,OES3159,5466,1020,1
2762,IID7813,4608,1990,1
2763,POM9198,8112,2056,1
2764,BJI2262,8053,4258,1
2765,NNQ1754,8444,528,1
2766,OHA9823,3001,5500,1
2767,OZH2189,4608,1990,1
2768,OTS3185,2374,6763,1
2769,BIS9293,7210,1962,1
2770,OLS2179,5388,4097,6
2771,PHM7298,4316,706,1
2772,OIC3750,7938,8810,1
2773,BSN0916,1708,1402,1
2774,IPI7580,1278,569,1
2775,BEN9102,3553,9819,1
2776,NDR1387,3522,1867,1
2777,PQD6050,3538,70,1
2778,KRQ1811,3538,70,1
2779,OEZ7199,1000,1194,2
2780,PID8364,6072,9488,1
2781,ONF4608,6967,855,1
2782,NEE0135,3500,6325,1
2783,BOO4240,1308,9661,1
2784,OKC3175,4316,3639,3
2785,OWR8268,2403,9277,1
2786,IYK1417,2557,2056,1
2787,PXN6590,4042,2203,1
2788,IGJ1374,1412,9134,1
2789,NZD1792,9222,5020,1
2790,HYX9219,1289,9660,1
2791,HCY0608,224,9684,1
2792,NKU0057,5328,2522,1
2793,OGD2050,9222,5020,1
2794,LZO1310,9412,5089,1
2795,HCY0608,4944,9278,1
2796,HEY0450,1772,1190,1
2797,OSR8011,1638,6794,1
2799,OSC1360,4738,6727,1
2800,PHN1903,9654,4859,1
2801,IQQ7042,6794,1377,1
2802,HGI9148,4738,6727,1
2803,ORC5921,5825,9794,1
2804,OZH9939,5472,7792,1
2805,NRC0160,7088,5806,1
2806,HDW7729,1772,1190,3
2807,GQS9726,4316,3639,1
2808,OWC0237,7812,6182,1
2809,ORG3841,5222,3444,2
2810,JUZ4086,4853,5475,1
2811,LIO8988,224,9684,1
2812,OBQ1718,1010,9237,1
2813,OJF7227,2422,8622,1
2814,OTC9634,9694,2880,1
2815,OES1934,5472,7792,1
2816,HUM3438,4361,2544,1
2817,OMC6510,3344,8755,1
2818,NMO8780,5332,4583,1
2819,OFS9866,6775,7722,1
2820,OHM9673,1024,3153,1
2821,HBQ9756,9666,833,1
2822,OMA4119,764,6804,1
2823,BJR7521,1708,1402,1
2824,OAZ6865,3772,6303,1
2825,OYC2661,7260,9133,1
2826,OCJ0214,5610,8083,1
2827,OEP3549,1113,8750,1
2828,OVQ0731,4111,0,1
2829,ODC5319,8666,3860,1
2830,JZR2899,6166,4305,1
2831,OIR5129,1638,6794,1
2832,PAO6791,5303,7658,1
2833,ELV2888,2850,4686,1
2834,KZW1151,6333,6028,1
2835,ODJ4465,764,6804,1
2836,LEC7503,4738,6727,1
2837,HLY9430,6050,6869,1
2838,PLM1572,4738,6727,1
2839,KBO5902,3344,8755,1
2840,HRN7852,4853,5475,1
2841,NDD0107,5010,8083,1
2842,OGD2050,3522,1867,1
2843,PRE3670,5332,4583,1
2844,NQO7323,2822,8028,2
2845,ORR3185,6072,9488,1
2846,NID5468,7210,1962,1
2847,JIS8411,2403,9277,1
2848,HIV9945,7260,9133,1
2849,HMY5852,5825,9794,1
2850,NQO7323,588,897,3
2851,ODC6460,2634,9246,2
2852,OHR1801,2324,8727,1
2853,HUJ8291,7556,4971,1
2854,HHX2178,3720,2859,1
2855,HDW4659,9422,5310,1
2856,ORF0008,8444,528,1
2857,OIF0917,3944,7554,1
2858,MMM1111,5466,1020,1
2859,KVL6887,4944,9278,1
2860,OBI9038,7723,5667,1
2861,HTY1995,9222,1778,1
2862,BCM1293,6050,6869,1
2863,OGT3822,9988,1800,1
2864,OAZ5420,9994,982,1
2865,NAR4404,472,5552,1
2866,NLV6236,2403,9277,1
2867,NPN5820,4162,7589,1
2868,OMA8004,1000,1194,1
2869,AGI4059,5328,2522,1
2870,BBM7486,6072,9488,1
2871,HPV1135,8188,8761,1
2872,HPY6230,2403,9277,1
2873,PDD0011,3944,7554,1
2874,BIT0736,1024,3153,1
2875,OWC0498,4944,9278,1
2876,OIC2110,5556,9333,1
2877,OLS2179,224,9684,1
2878,OMI0719,1010,9237,1
2879,OLW1007,3444,967,1
2880,ONS4767,3596,4244,1
2881,HKX3062,6842,4782,1
2882,POZ6441,461,4253,1
2883,HIW5988,6050,6869,1
2884,OOR4467,7272,1070,1
2885,NPU0800,5303,7658,2
2886,HCY0608,5466,1020,1
2887,PYW4088,5388,4097,1
2888,FIM5430,7262,8878,1
2889,HWO6076,5825,9794,1
2890,OIC9723,6050,6869,1
2891,HJA7086,9711,2269,1
2892,OIY1101,1000,833,1
2893,ILC1349,2672,342,1
2894,OUM6024,7210,1962,1
2895,AOO6950,2822,8028,1
2896,OOR1539,5472,7792,1
2897,OGI1480,4608,1990,1
2898,PDM5549,2833,1278,1
2899,PNM7243,4117,2929,1
2900,HYY5038,53,5909,1
2901,IQN4690,3944,7554,1
2902,PZM9361,2850,4686,1
2903,OZH9939,6166,4305,1
2904,PDN8026,4853,5475,2
2905,OBT8420,5010,8083,2
2906,OYR0540,1708,1402,1
2907,POZ6441,472,5552,1
2908,ODC3695,5825,9794,1
2909,PUN1052,53,5909,1
2910,HRE1418,1010,9237,1
2911,IIS0118,3088,6052,1
2912,JDY3059,858,4232,1
2913,HKY0208,8711,2753,1
2914,NQU3471,2634,9246,1
2915,OJS6883,4316,3639,1
2916,HIV4113,472,5552,1
2917,OBI7162,2964,3758,1
2918,OIG9766,3001,5500,1
2919,OMS3145,5556,9333,2
2920,OTD8155,1010,9237,1
2921,AVU5347,7272,1192,1
2922,OIF7496,6050,6869,1
2923,BQI5416,5825,9794,1
2924,OAG6713,5613,8278,1
2925,HLU3158,9222,5020,1
2926,IIS0118,9666,833,1
2927,NZO1004,2256,9146,1
2928,NOO7535,6972,6478,1
2929,NMQ7254,3944,7554,1
2930,OHM9673,3964,8994,2
2931,BTR6577,1708,1402,1
2932,BZQ0481,9222,5020,1
2933,OTR3545,2556,2528,1
2934,III1011,7260,9133,1
2935,OIF0917,8256,9058,1
2936,PUX1827,6072,9488,1
2937,OUU0715,2964,3758,1
2938,PTM6497,8706,2158,1
2939,MAV5178,2822,8028,1
2940,OEI9822,9994,982,1
2941,PNM7243,6972,6478,1
2942,PAN6293,4853,8470,1
2943,OOT8012,2634,9246,1
2944,ONF4608,9222,1778,1
2945,EMZ3263,9612,8692,1
2946,IBB0589,2557,2056,1
2947,NZQ2302,9666,833,1
2948,NQO7323,2822,0,2
2949,OTR6379,461,4253,1
2950,HVK7745,5000,4778,1
2951,OYR1018,1289,9660,1
2952,KQP5353,1708,1402,1
2953,OID0577,7944,9952,1
2954,NQH6401,2403,9277,1
2955,JGS4784,6972,6478,1
2956,NUO5688,1638,6794,1
2957,OPS1102,53,5909,1
2958,OMP5129,3344,8755,1
2959,OIC1068,8553,444,1
2960,KVL3734,2557,2056,1
2961,NAI1986,4880,550,1
2962,BIS1233,1010,9237,1
2963,HJY1010,5556,9333,1
2964,NBQ5407,4944,9278,1
2965,OTR6379,472,5552,1
2966,HQX7072,5825,9794,1
2967,ONI2405,4316,706,1
2968,ISO6040,2850,4686,1
2969,NPU4220,5500,4917,1
2970,HWW1754,6072,9488,1
2971,HYV0011,6166,4305,2
2972,OUD7811,6364,7267,2
2973,HKX5444,3596,4244,1
2974,ODR8241,9666,833,1
2975,JOG6044,9430,4736,1
2976,BEG1469,9556,0,1
2977,IYI1695,9388,472,1
2978,HVK3626,2633,875,1
2979,HDY3792,4400,5106,1
2980,HIS6221,5466,1020,1
2981,OSR3971,9422,5310,1
2982,ELR5106,8112,2056,1
2983,NNQ3364,7260,9133,1
2984,OJZ8521,5000,4778,1
2985,HDR2398,2833,1278,1
2986,OZR4214,6050,6869,1
2987,OUB9574,5825,9794,1
2988,MAV5178,4750,5075,1
2989,OIA7584,7944,9952,1
2990,NNU7394,2486,1840,1
2991,OHI0721,9711,2269,1
2992,PAD7293,7134,4709,1
2993,HIX6071,4082,6528,1
2994,OTF9140,472,5552,2
2995,NOF8572,1024,3153,1
2996,PCM9657,7556,4971,1
2997,III1011,3944,7554,1
2998,LKV4839,3444,967,1
2999,KIJ8948,9994,982,1
3000,OJD9136,4111,0,1
3001,NSJ1018,4332,2860,1
3002,HJX1796,5000,4778,1
3003,OHM9673,4316,706,1
3004,OBC2413,9612,8692,1
3005,LBA3638,1000,1194,1
3006,MDI9393,7723,5667,1
3007,BOO0077,5472,7792,1
3008,NKD1289,0,0,1
3009,PJM5681,2634,9246,1
3010,NDI5350,1412,9134,1
3011,OKA6424,3444,967,1
3012,IRC6166,53,5909,1
3013,HEX6736,7556,4971,1
3014,AOO6950,9666,833,1
3015,OGQ1969,6050,6869,1
3016,ODC1614,2324,8727,1
3017,ADP5507,2633,875,1
3018,OTS1324,5500,4917,1
3019,BIU6095,7944,9952,1
3020,BKY0405,8310,2494,1
3021,OQD6691,2634,9246,1
3022,NDN1742,3944,7554,1
3023,PLN8900,9666,833,1
3024,HXW7941,6842,4782,1
3025,BGF4735,7134,4709,1
3026,OEZ7199,3596,4244,1
3027,OTQ6656,4738,6727,1
3028,HMV8150,1708,1402,1
3029,IYO0924,9430,4736,1
3030,PCK1975,6050,6869,1
3031,NPZ2011,2254,1257,1
3032,ODR6650,2967,3581,1
3033,KXQ9886,1382,4248,1
3034,OEZ7199,4316,706,1
3035,BIS1233,5010,8083,1
3036,ORF0008,1010,9237,1
3037,IOD0505,764,6804,1
3038,HHY4202,7812,6182,1
3039,NMU3688,6775,7722,1
3040,OGD2050,7272,1070,5
3041,OYR0715,9711,2269,1
3042,HIW3950,1010,9237,1
3043,NPO3100,3596,4244,1
3044,OIS6305,132,5022,1
3045,PSN6821,4738,6727,2
3046,OIC2389,7833,7444,1
3047,OKS0760,2256,9146,1
3048,OKI5555,1638,6794,1
3049,HAW7103,2322,8902,1
3050,MUY0467,7723,5667,1
3051,ICS3239,4117,2929,1
3052,IYY5665,4162,7589,1
3053,HDW4067,1382,4248,1
3054,OFH6464,4162,7589,1
3055,OHC9914,5825,9794,1
3056,IAR1466,0,6333,1
3057,ONR0856,1708,1402,1
3058,NPN5820,802,2054,1
3059,KQQ5261,7134,4709,1
3060,OVS3680,7556,4971,1
3061,NPO3976,5303,7658,1
3062,OAS4634,2634,9246,1
3063,ORM5424,2434,2172,1
3064,NDO2001,3538,70,1
3065,OPR7113,472,5552,1
3066,OQC9918,6842,4782,1
3067,OBT0996,1113,8750,1
3068,OJS3648,3944,7554,1
3069,OJI4134,2254,1257,1
3070,NLO1556,9711,2269,1
3071,NNU5267,9711,2269,1
3072,PSM8225,5666,5667,1
3073,FAI1691,388,3833,1
3074,NTI7485,2403,9277,1
3075,OTR4621,4400,5106,1
3076,JYI8108,2634,9246,1
3077,NJN2728,53,5909,1
3078,ODS4988,3894,8600,1
3079,NER3704,6050,6869,1
3080,POZ6441,4111,0,1
3081,ADE2616,4738,6727,1
3082,OEM1250,5610,8083,1
3083,OMP5129,1772,1190,1
3084,PWI2717,6775,7722,1
3085,OFL7137,2634,9246,1
3086,HFY0330,6072,9488,1
3087,OPR1796,472,5552,1
3088,OUD7811,1382,4248,1
3089,BIS8929,1289,9660,1
3090,BIS6473,1010,9237,1
3091,OYG3601,5613,8278,2
3092,HGI4105,5500,4917,1
3093,PUW1888,944,1277,1
3094,EVG7280,3344,8755,1
3095,MRN0250,7432,5760,1
3096,LSO5004,9694,2880,1
3097,IIL1454,6794,1377,1
3098,PAD6303,2964,3758,1
3099,MLX5725,9711,2269,1
3100,HNC2053,4332,2860,1
3101,NMU0216,4361,2544,1
3102,OJC1038,8653,2233,2
3103,NLQ5692,3476,8839,1
3104,ACC1148,1113,8750,2
3105,ORC8240,9654,4859,1
3106,HFM7116,2556,2528,1
3107,OAS1790,6364,7267,1
3108,HZM6201,9711,2269,1
3109,MDD9385,472,5552,1
3110,BSR5546,8711,2753,1
3111,JYI8108,3538,70,1
3112,HCW1589,1412,9134,1
3113,AGA0005,7210,1962,1
3114,PSN6821,1708,1402,2
3115,PEH0279,3500,6325,1
3116,NTU8967,4853,8470,1
3117,MYX1652,9430,4736,1
3118,HDV1495,2434,2172,1
3119,OLS8970,3944,7554,1
3120,BIM7768,4944,9278,1
3121,OUA4837,7272,1192,1
3122,OGI6574,6333,6028,2
3123,KAN7452,2403,9277,1
3124,OAI6672,1382,4248,1
3125,BSM7534,6775,7722,1
3126,HDX9298,1000,833,1
3127,OSI5332,7428,4378,1
3128,NAV9733,7272,1192,1
3129,PGX5361,2422,8622,1
3130,OFM5093,2434,2172,1
3131,HRU5521,9222,5020,1
3132,NZU0719,9422,5310,1
3133,HPV1135,4361,2544,1
3134,BFS4971,3964,8994,1
3135,KOE3572,8188,8761,1
3136,ORR4901,6364,7267,1
3137,HKX7228,4400,5106,2
3138,NCR5834,944,1277,2
3139,PEM7943,2633,875,1
3140,IDB7687,7260,9133,1
3141,PPN9937,9666,833,1
3142,NOF8572,2556,2528,1
3143,PIJ1883,7944,9952,1
3144,HNY5767,8553,444,1
3145,ODR0987,2964,3758,1
3146,MIV3358,4082,6528,1
3147,PFM7678,4738,6727,1
3148,GES6641,8706,2158,1
3149,OPI0989,4117,2929,1
3150,OVS1016,53,5909,1
3151,OGD2050,9222,1778,1
3152,ODC6460,2422,8622,1
3153,IIM8927,4082,6528,1
3154,OAO0311,8310,2494,1
3155,IIS0118,3444,967,1
3156,OYW8513,7361,6353,1
3157,NZO1004,2964,3758,6
3158,JBF4953,6072,9488,1
3159,AAT0400,8112,2056,1
3160,HKX7228,2422,8622,2
3161,OGX2059,224,9684,1
3162,OJS6883,2403,9277,1
3163,HRG4744,1708,1402,1
3164,OBL4760,764,6804,1
3165,IZP1442,8444,528,1
3166,BII1961,1638,6794,1
3167,JDP3663,5666,5667,1
3168,NPJ7186,1000,833,1
3169,HDI6875,6072,9488,1
3170,PAM7671,2557,2056,1
3171,OPI0989,4853,8470,1
3172,OAL6515,5556,9333,1
3173,MSD2730,4608,1990,1
3174,GES2523,2434,2172,1
3175,OIR0774,4738,6727,1
3176,GJL2964,3964,8994,1
3177,HPY6656,5825,9794,1
3178,ODD8360,6364,7267,1
3179,HDX6482,4944,9278,1
3180,JXI9598,7088,5806,1
3181,AEG3721,4075,3683,1
3182,IDR1002,2833,1278,2
3183,OUM0479,8053,4258,1
3184,NQO7323,7432,5760,5
3185,PZM9361,7260,9133,1
3186,BQO0408,4400,5106,1
3187,OYR0540,5010,8083,1
3188,HOU2084,8112,2056,1
3189,ONN9521,5472,7792,1
3190,PFM8076,2967,3581,1
3191,LMA3916,2434,2172,1
3192,BQN9648,1708,1402,1
3193,ORR2039,8412,89,1
3194,OIS4985,1412,9134,1
3195,OEZ7199,1308,9661,2
3196,LJC5450,8653,2233,1
3197,OUR1762,8553,444,1
3198,OVS3680,1638,6794,1
3199,ITQ6325,4853,8470,1
3200,OOC1046,3894,8600,1
3201,OBI9038,1772,1190,2
3202,OVD6903,1412,9134,1
3203,PFM1027,4162,7589,3
3204,MOY5568,8653,2233,1
3205,HBP1696,7812,6182,1
3206,OUR7549,2850,4686,1
3207,NQH6401,4316,3639,1
3208,OCI8619,4316,706,1
3209,HDG9391,1000,8542,1
3210,JAI0512,2422,8622,2
3211,ORG3841,4400,5106,1
3212,OOT0800,2850,4686,1
3213,OYR1018,9654,4859,1
3214,NDM8711,4400,5106,1
3215,ODR2343,3500,6325,1
3216,LDL3222,8412,89,1
3217,OLI8256,7428,4378,1
3218,OJC1038,9666,833,1
3219,OUR7549,3861,7458,2
3220,OUB9574,2964,3758,2
3221,IUQ7361,9422,5310,1
3222,JWR2280,7210,1962,1
3223,ATH0810,6364,7267,1
3224,BNN7087,2324,8727,1
3225,HFV3837,4944,9278,1
3226,OHT9336,6364,7267,1
3227,NEV5737,7833,7444,1
3228,MEQ9780,5613,8278,1
3229,JDS3343,6967,855,1
3230,JAR2335,2322,8902,2
3231,JOS3839,2634,9246,1
3232,PUW6985,3476,8839,1
3233,OJD9136,5880,8554,1
3234,NNU5202,3944,7554,1
3235,HDW4906,2633,875,1
3236,JYI8108,4361,2544,1
3237,HGQ1980,944,1277,1
3238,NDR4441,6794,1377,1
3239,OFS9866,7944,9952,1
3240,NDU9322,4400,5106,1
3241,OBC2770,8256,9058,1
3242,OLO1702,4608,1990,1
3243,HSI2875,3538,70,1
3244,OLF6723,8711,2753,1
3245,EPS0111,1000,1194,1
3246,NNQ3364,9422,5310,1
3247,KOG1261,1638,6794,1
3248,OUR1821,4880,550,1
3249,PFM7678,8053,4258,1
3250,OHC7261,472,5552,1
3251,OSR3971,7260,9133,1
3252,HKC3120,4853,5475,1
3253,NUB0145,6638,2170,1
3254,PMM7437,3344,8755,1
3255,AGB2198,9556,0,1
3256,PYV8905,5010,8083,1
3257,OOI9767,4738,6727,1
3258,ARR1110,5472,7792,1
3259,NYQ6053,7262,8878,1
3260,IBN6102,5303,7658,1
3261,PCD6341,3596,4244,1
3262,NMQ6398,2403,9277,1
3263,NQO7323,4204,725,3
3264,PUM1659,2434,2172,1
3265,NRD3827,3964,8994,1
3266,POZ6441,8412,89,1
3267,OYR0715,1688,7419,1
3268,NSY9630,3344,8755,1
3269,HDY4358,4608,1990,1
3270,MIZ9037,3944,7554,1
3271,LLN7797,3861,7458,1
3272,OBT8420,388,3833,1
3273,ONR6529,1638,6794,2
3274,OVS5852,1772,1190,1
3275,PFD8570,588,897,1
3276,OIF0917,4042,2203,1
3277,NVI9650,764,6804,1
3278,OQC3372,4162,7589,1
3279,OLS2179,8060,4789,2
3280,HLX8323,3444,967,1
3281,FKX5902,8112,2056,1
3282,OAQ9999,2833,1278,1
3283,OPQ6988,2557,2056,1
3284,OAZ3657,6166,4305,2
3285,HDK7173,7134,4709,1
3286,ETE6623,2256,9146,1
3287,PMN8281,7260,9133,1
3288,OCC1127,3596,4244,1
3289,ODC1315,6967,855,2
3290,PFM7678,7428,4378,1
3291,ONI3215,8112,2056,1
3292,JYI8108,3976,6305,1
3293,IYH1871,7812,6182,1
3294,NQO7323,9988,1800,5
3295,PAN6293,7812,6182,1
3296,NQQ3484,1528,50,2
3297,HFV7310,9422,5310,1
3298,OAB5005,9994,982,1
3299,PPN9937,5472,7792,1
3300,AOO6950,1010,9237,1
3301,PAA6103,5666,5667,2
3302,OMP5129,1708,1402,1
3303,HLW9110,6050,6869,1
3304,JBS1341,3538,70,1
3305,NLU0403,6364,7267,1
3306,HYI9749,4400,5106,1
3307,JOG6044,2422,8622,1
3308,IRA2039,6364,7267,1
3309,POZ6441,1289,9660,1
3310,ONR1423,9422,5310,1
3311,HZY1572,7833,7444,1
3312,BDO0257,2556,2528,1
3313,OQF4653,1024,3153,2
3314,BBI4261,3416,1233,1
3315,HAW2536,9666,833,1
3316,HGU0207,4400,5106,1
3317,OYR0715,4316,3639,2
3318,PDD1143,1010,9237,1
3319,NSE7786,2422,8622,1
3320,OUR1821,7723,5667,1
3321,PSN6821,1772,1190,2
3322,NYO7177,6364,7267,1
3323,BJM5140,6050,6869,1
3324,NDI5350,7210,1962,1
3325,NOU2369,4400,5106,1
3326,NYL1321,4042,2203,1
3327,HOU1811,7944,9952,1
3328,PRN0070,9994,982,1
3329,OBI9038,53,5909,1
3330,BKX7031,2634,9246,1
3331,OGC6912,53,5909,1
3332,NJN2728,2557,2056,1
3333,BGM0156,7260,9133,1
3334,OGU7088,8188,8761,1
3335,LTS7171,1000,833,1
3336,OUM0479,7428,4378,1
3337,NRU1816,7833,7444,2
3338,OZH2189,5303,7658,1
3339,OLS2179,4750,5075,4
3340,NSU5966,5000,4778,1
3341,OKI5555,2434,2172,1
3342,HMW0413,1308,9661,1
3343,OTR5456,944,1277,1
3344,PDD3330,2833,1278,1
3345,AAC4008,2557,2056,1
3346,NSU1003,7833,7444,1
3347,OOR8113,8188,8761,1
3348,OMG0026,224,9684,1
3349,OFI1282,3500,6325,1
3350,HXT3999,2634,9246,1
3351,OEC5479,2557,2056,1
3352,NTQ2112,8412,89,1
3353,HTY1393,2422,8622,1
3354,PRE3670,8653,2233,1
3355,ORJ1221,9666,833,1
3356,PWM8734,9994,982,1
3357,HRU5773,1772,1190,1
3358,HEX3074,6072,9488,1
3359,OZH2189,764,6804,1
3360,JYI8108,9994,982,1
3361,OTM4616,5500,4917,1
3362,OTF9140,3088,6052,1
3363,NDO5294,6072,9488,1
3364,PGW0208,9222,5020,1
3365,PDM4462,8256,9058,1
3366,OXC7189,9994,982,1
3367,ORK6785,0,6194,1
3368,GOW8783,2850,4686,1
3369,NDU5168,2850,4686,1
3370,HVU7057,9422,5310,1
3371,LWO1596,6364,7267,1
3372,OFS1943,4316,3639,1
3373,ORR2039,5880,8554,1
3374,NCY1445,472,5552,1
3375,OHI0245,3596,4244,1
3376,NKQ6580,4332,2860,1
3377,OYR5284,5328,2522,1
3378,NQH6401,4738,6727,1
3379,OGT9509,2850,4686,1
3380,HIX3407,4400,5106,1
3381,API8300,2088,6750,1
3382,HOU2084,6782,800,1
3383,PEM2083,3500,6325,1
3384,IAT2548,0,0,1
3385,OFB1957,5472,7792,1
3386,JYI8108,7944,8369,1
3387,PID8364,2256,9146,1
3388,ODC6396,1412,9134,1
3389,PEQ8923,5328,2522,1
3390,OEB8525,3976,6305,1
3391,NNQ1754,9388,472,1
3392,EWE5016,9222,5020,1
3393,OUS1449,6072,9488,1
3394,OED2263,2403,9277,1
3395,OZR0852,4361,2544,1
3396,JMM1946,9654,4859,1
3397,PQN6164,5472,7792,1
3398,OQI4842,53,5909,1
3399,OEZ7199,2556,2528,1
3400,OBI8947,1289,9660,1
3401,PJN0738,2850,4686,1
3402,HRX8745,132,5022,1
3403,BIS1233,4738,6727,1
3404,OMK4914,3944,7554,1
3405,HPU4596,7262,8878,1
3406,ORG3841,1638,6794,1
3407,ORF0008,7272,1070,1
3408,OLS2179,1638,6794,2
3409,OHC7261,4111,0,1
3410,HEU3324,8711,2753,1
3411,PXM9609,53,5909,1
3412,OJS1438,2634,9246,1
3413,MOY3856,8053,4258,1
3414,PIK7483,4082,6528,1
3415,GVR2057,6842,4782,1
3416,OUM6024,4944,9278,1
3417,PCD8112,5256,7837,1
3418,IXO1483,5303,7658,1
3419,OEI9822,1382,4248,1
3420,MGU3632,1638,6794,1
3421,KZN6318,4400,5106,1
3422,OHT5578,3861,7458,1
3423,HDW7729,1708,1402,4
3424,BGM8980,5472,7792,1
3425,BYM5935,3476,8839,1
3426,NQO7323,9266,2925,2
3427,IAI1864,6072,9488,1
3428,KDQ3848,1708,1402,1
3429,OHH8512,2557,2056,1
3430,ONF4608,4042,2203,1
3431,NOQ3319,8653,2233,1
3432,OMG0026,8112,2056,1
3433,NDR4882,6794,1377,1
3434,OAZ3657,7428,4378,2
3435,OYR1085,5000,4778,1
3436,OYX7978,6775,7722,1
3437,OII2579,1010,9237,1
3438,PEI1712,3344,8755,1
3439,NBR4481,7260,9133,1
3440,KAO5601,9711,2269,1
3441,OAI1213,2422,8622,1
3442,HEY9658,8112,2056,1
3443,ONT7858,3553,9819,1
3444,PPN9937,7272,1070,1
3445,ODS0031,2634,9246,1
3446,HDX6246,9430,4736,1
3447,HGY9057,1772,1190,1
3448,NNU5267,3553,9819,1
3449,BSS6950,2822,0,1
3450,MVD8293,4944,9278,2
3451,ODC7182,6794,1377,1
3452,OKG8517,7723,5667,1
3453,BGN6594,1594,6300,1
3454,NTU0004,4082,6528,1
3455,INH9545,3500,6325,1
3456,HBL1769,2850,4686,1
3457,NAT0919,3553,9819,5
3458,NZO1004,2324,8727,1
3459,PWM9850,6050,6869,1
3460,PZM9361,132,5022,1
3461,NZO1004,5825,9794,4
3462,PSN6821,3596,4244,1
3463,ODC5319,6972,6478,1
3464,PSN6821,7833,7444,1
3465,PHM6869,6364,7267,1
3466,IIC2782,3976,6305,1
3467,IXX2751,3553,9819,1
3468,FPQ9550,4738,6727,1
3469,IYY5665,5010,8083,1
3470,NNM9716,1932,8329,1
3471,OSR6440,5332,4583,1
3472,EFY2915,5000,4778,1
3473,ODS0004,6782,800,2
3474,OOI6394,9666,833,1
3475,OPR7113,8711,2753,1
3476,OMS3145,802,2054,1
3477,OOI7055,8800,6081,1
3478,NCR5834,472,5552,1
3479,HDK4743,1010,9237,1
3480,OIR6297,1708,1402,1
3481,OXS2240,4204,725,1
3482,HMW0413,9388,472,1
3483,PQN6164,944,1277,1
3484,HND3251,2486,1840,1
3485,JTR5641,9654,4859,1
3486,HZM4014,5303,7658,1
3487,OAT9851,7134,4709,1
3488,BIS4273,4042,2203,1
3489,NNU5267,3720,2859,2
3490,ORR2039,2556,2528,1
3491,NQQ3281,6364,7267,1
3492,OAI4058,4316,3639,1
3493,HGV5630,1772,1190,1
3494,OZH6651,1772,1190,1
3495,ONI0585,1000,8542,1
3496,PDM2081,4144,3519,1
3497,PAD7293,6842,4782,1
3498,MVW2885,5000,4778,1
3499,KML9111,3444,967,1
3500,OMK4914,4944,9278,2
3501,HDY8225,6775,7722,1
3502,NDU9322,6842,4782,1
3503,PHM7298,1289,9660,1
3504,OUD7811,9612,8692,1
3505,KXO2761,2556,2528,1
3506,ODC9136,8310,2494,1
3507,NBI0540,2838,5619,1
3508,ATB6905,2403,9277,1
3509,INJ3163,6794,1377,1
3510,HIY1121,8653,2233,1
3511,OEZ7199,9388,472,2
3512,IJH3861,4117,2929,1
3513,HOY7400,6842,4782,1
3514,OYH5787,9711,2269,1
3515,OAZ2611,7272,1070,1
3516,OYH5787,4316,706,1
3517,ONI4084,7361,6353,1
3518,HIY3881,764,6804,1
3519,OGS8358,638,3103,1
3520,NPQ8733,3476,8839,1
3521,HUY1412,7361,6353,1
3522,NTU2691,1708,1402,1
3523,NDO5294,2967,3581,2
3524,HTN1174,7833,7444,1
3525,OOA4931,0,6194,1
3526,ONF4608,3522,1867,1
3527,OZK1916,5303,7658,1
3528,NDG9085,5500,4917,1
3529,PSN8017,8112,2056,1
3530,HTX1878,8053,4258,1
3531,PTN1651,3596,4244,1
3532,OTS1324,4738,6727,1
3533,HIX3407,9222,5020,1
3534,NPU0984,4608,1990,1
3535,ODI1218,461,4253,1
3536,NQU3846,7812,6182,1
3537,HJK4362,4316,3639,1
3538,OOR4880,2434,2172,1
3539,HNY5767,1010,9237,1
3540,HGI9450,4944,9278,1
3541,OPI0989,2634,9246,1
3542,OEC1316,5880,8554,1
3543,OGS0383,9222,1778,1
3544,MYH2525,9222,5020,1
3545,NVU1207,472,5552,1
3546,ODR1000,9222,1778,1
3547,IPM3338,3964,8994,1
3548,FZE7680,1113,8750,1
3549,PHM7298,6794,1377,1
3550,JOJ2035,2964,3758,1
3551,OQC1841,1024,3153,2
3552,OUS8428,2403,9277,1
3553,OHC7261,4316,706,1
3554,ONR6529,4117,2929,1
3555,HDW4067,7260,9133,2
3556,BTR6577,5010,8083,1
3557,PVW6706,2434,2172,1
3558,NDV8814,2850,4686,1
3559,PQW4116,5825,9794,1
3560,OXS2240,961,914,1
3561,OOI9767,1308,9661,1
3562,IYM3413,3416,1233,1
3563,KOE3572,2633,875,1
3564,OTF9140,944,1277,1
3565,HPW1500,5303,7658,1
3566,OKG8517,3416,1233,1
3567,HVW1377,5556,9333,1
3568,OKG8301,4082,6528,1
3569,OMS3145,1308,9661,1
3570,API4076,3344,8755,1
3571,NRO2098,3976,6305,1
3572,HFW8616,1000,8542,1
3573,OLS2179,1804,8735,1
3574,AOO6950,8444,528,1
3575,OZH0795,7938,8810,1
3576,HHW5394,6364,7267,1
3577,FBD9604,6775,7722,1
3578,NXU0557,2434,2172,1
3579,ONF4608,6364,7267,1
3580,ODC5319,1804,8735,1
3581,NYO7867,3596,4244,1
3582,JKO9102,6775,7722,1
3583,BTR8951,7432,5760,1
3584,JIS0972,2634,9246,1
3585,ODI4122,7134,4709,1
3586,JYI8108,5825,9794,1
3587,PII5160,2422,8622,1
3588,OCC9018,7088,5806,1
3589,PTM7231,5222,3444,1
3590,NUQ1341,4316,706,1
3591,PAN6293,9994,982,1
3592,HLY0077,1289,9660,1
3593,OIF7496,6364,7267,1
3594,OLS2179,1308,9661,3
3595,KNE0732,6794,1377,1
3596,OEI9822,4853,8470,1
3597,OKS0760,2324,8727,1
3598,NJN2728,1289,9660,1
3599,OGX2059,8112,2056,1
3600,PDM4462,3894,8600,1
3601,OGS0383,2434,2172,1
3602,OKG8517,1444,4721,1
3603,OWR8268,1932,8329,1
3604,BOO4661,5332,4583,1
3605,HZX8812,5222,3444,1
3606,PSN6821,5466,1020,1
3607,PAD6046,2403,9277,1
3608,AAA1111,3522,1867,1
3609,JDV2483,5328,2522,1
3610,JYI8108,472,5552,1
3611,OFL9450,9654,4859,1
3612,HIY1774,5466,1020,1
3613,JDS5209,8112,2056,1
3614,PMN8281,472,5552,2
3615,ONF4608,9388,472,1
3616,FBO7221,1866,1061,1
3617,OUR1458,4400,5106,1
3618,OOC1046,8553,444,1
3619,JYI8108,461,4253,1
3620,OIF0917,1308,9661,1
3621,MLQ3861,8444,528,1
3622,NYO7177,6166,4305,1
3623,POZ0646,2422,8622,1
3624,PAN9801,5328,2522,1
3625,AJV2250,8188,8761,1
3626,HRY3467,132,5022,1
3627,OEI3321,9612,8692,1
3628,NQO7323,9694,2880,1
3629,OGS0583,7833,7444,1
3630,OAS3931,4316,3639,1
3631,LLI5928,2403,9277,1
3632,HUV5240,7428,4378,1
3633,PIW4853,5880,8554,1
3634,JXI9598,4738,6727,2
3635,HPV1135,5332,4583,1
3636,BAN9600,6364,7267,1
3637,PBG3817,3344,8755,1
3638,HUY0186,5500,4917,1
3639,OQL7251,9222,5020,1
3640,HEW3958,2557,2056,1
3641,OGS3373,5825,9794,1
3642,PJW6211,9222,5020,1
3643,HOU4032,4361,2544,1
3644,HKV2057,2850,4686,1
3645,FRX5765,7428,4378,1
3646,OFS9866,8653,2233,1
3647,HUW3528,2967,3581,1
3648,OFC3861,3344,8755,1
3649,AGR1710,7723,5667,1
3650,NDO5236,7361,6353,1
3651,NVK0247,2403,9277,1
3652,OPC5296,5825,9794,1
3653,OQF4653,2434,2172,1
3654,BBI7157,2556,2528,1
3655,OMK4914,3964,8994,1
3656,OAG6713,4316,706,1
3657,KEM4412,3088,6052,1
3658,HOU2084,4316,706,1
3659,EED0787,5666,5667,1
3660,OED2263,6050,6869,1
3661,GGS6733,2964,3758,1
3662,OUR1117,2434,2172,1
3663,ODC2489,7262,8878,1
3664,OYH5787,858,4232,1
3665,HIV8591,2486,1840,1
3666,PLE1531,4738,6727,1
3667,HIV4019,7812,6182,1
3668,NDU0818,1000,833,1
3669,PRN0070,1024,3153,1
3670,OHT1519,3894,8600,1
3671,BOO0077,6967,855,1
3672,OSS1124,8412,89,1
3673,PRE3670,8188,8761,1
3674,OIF0917,9666,833,1
3675,OQF4653,6782,800,2
3676,HDV9070,7272,1070,1
3677,OWR8340,4117,2929,1
3678,NLO2641,7260,9133,1
3679,NFQ7296,7944,8369,1
3680,HAH7729,6072,9488,1
3681,PHW3485,9222,5020,1
3682,BIX5376,3497,6138,1
3683,HVX7204,8553,444,1
3684,JDS2366,2322,8902,1
3685,HDY3592,6775,7722,1
3686,OPI5732,8553,444,1
3687,NLO2017,9666,833,1
3688,IDV5652,1289,9660,1
3689,JLS8223,7944,8369,1
3690,OGS0383,3444,967,1
3691,OBS7052,2634,9246,1
3692,NZO1004,2967,3581,3
3693,PBM0734,3720,2859,1
3694,OHC4584,2850,4686,1
3695,KKD3555,3416,1233,1
3696,ALC9101,0,6194,1
3697,BOO6674,5256,7837,1
3698,OII2238,1010,9237,1
3699,OGD2050,8444,528,1
3700,NFU9020,9388,472,1
3701,ODI3172,1010,9237,1
3702,HDZ5589,2634,9246,1
3703,HMU6134,6364,7267,1
3704,NNQ3364,4738,6727,1
3705,PSN6821,4944,9278,1
3706,OUB9574,4082,6528,2
3707,OHT0583,7262,8878,1
3708,MGQ3605,2634,9246,1
3709,OEC8604,3944,7554,1
3710,OSS4843,4316,3639,1
3711,HDK1794,1289,9660,1
3712,JYI8108,2967,3581,1
3713,OJS8174,7210,1962,1
3714,OHM9673,4400,5106,2
3715,BNN7500,3638,8261,1
3716,OQC9918,7361,6353,1
3717,OGI6574,2557,2056,1
3718,OHM9673,4042,2203,2
3719,LRS5223,5256,7837,1
3720,ETN0822,132,5022,1
3721,NPU4220,2850,4686,1
3722,OCS4837,2964,3758,1
3723,OVS3680,7272,1070,1
3724,OHC1394,822,8808,1
3725,OJS3648,1708,1402,1
3726,PDM2081,822,8808,1
3727,KDK7060,9222,5020,1
3728,MKV5115,3522,1867,1
3729,ARR9365,5000,4778,1
3730,NYA3268,5613,8278,1
3731,JPS4448,6072,9488,1
3732,HCI1146,7428,4378,1
3733,OII8399,1412,9134,1
3734,BVU5781,7361,6353,1
3735,NLQ6012,5303,7658,2
3736,NZO2298,5328,2522,1
3737,OIA7584,1289,9660,1
3738,HBO5836,1866,1061,1
3739,HDW3142,7260,9133,1
3740,HYY3618,2422,8622,1
3741,PGQ0540,961,914,1
3742,AOO6950,2612,6611,1
3743,PIO0295,2403,9277,1
3744,OCL7995,2967,3581,1
3745,OAZ6756,7272,1070,1
3746,MLX5526,1772,1190,1
3747,HWE6417,7428,4378,1
3748,NER9021,3500,6325,1
3749,KDQ2009,9694,2880,1
3750,ONL6710,388,3833,1
3751,ODT9458,6050,6869,1
3752,MDU1830,8444,528,1
3753,OOL1030,3772,6303,1
3754,NPN5820,7134,4709,1
3755,EMZ3263,2556,2528,1
3756,ONF4608,7272,1070,1
3757,OKC9170,9994,982,1
3758,OYR0540,7134,4709,1
3759,PSN6821,3976,6305,1
3760,PWM6383,2967,3581,1
3761,OSA1164,-3,-38,1
3762,NUS6965,-3,-38,1
